YEAR;ID;AGE;FARM;LD;TEMPs;DENSITYs;LATs;M.TEMP;M.DENSITY;TEMP.PLAST;DENSITY.PLAST
2005;I0004;ASY;9;136;-1.057844101;0.239138363;-1.435966748;-0.697884561;0.465452657;-0.359959541;-0.226314294
2005;I0008;ASY;2;137;-0.132443607;1.144395538;-1.630830336;-0.702405306;0.465452657;0.569961699;0.678942881
2005;I0016;ASY;5;140;-1.092000846;1.144395538;0.805018189;-0.534442219;1.144395538;-0.557558627;0
2005;I0019;ASY;23;148;-0.61044001;0.239138363;-0.310756202;-0.24690879;0.465452657;-0.36353122;-0.226314294
2005;I0023;ASY;13;153;-0.61044001;-0.666118811;-1.258596011;-0.625406527;-0.552961665;0.014966518;-0.113157147
2005;I0024;ASY;24;146;-0.47717944;1.144395538;2.278523782;-0.110604928;0.782292668;-0.366574512;0.36210287
2005;I0025;ASY;18;144;-0.47717944;0.69176695;1.96485481;-0.062545925;0.918081244;-0.414633516;-0.226314294
2005;I0026;ASY;18;142;-0.47717944;0.69176695;1.96485481;-0.494721479;0.69176695;0.017542039;-9.99E-16
2005;I0032;ASY;22;147;-1.092000846;-0.213490224;-0.090364539;-1.223012312;0.540890755;0.131011466;-0.754380979
2005;I0047;ASY;11;150;-1.092000846;0.69176695;0.375979066;-1.846076673;0.69176695;0.754075827;0
2005;I0053;ASY;40;136;-1.057844101;0.239138363;-1.35792255;-0.697884561;-0.213490224;-0.359959541;0.452628587
2005;I0057;ASY;15;133;-0.795850609;1.144395538;-0.066634594;-0.401358974;1.144395538;-0.394491634;0
2005;I0062;ASY;37;147;-0.266327228;0.69176695;0.033362889;0.285145781;0.69176695;-0.551473009;0
2005;I0071;ASY;27;135;-0.47717944;0.239138363;1.280261195;-0.062545925;0.01282407;-0.414633516;0.226314294
2005;I0075;ASY;26;139;-0.47717944;0.69176695;1.600838206;-0.062545925;0.918081244;-0.414633516;-0.226314294
2005;I0082;ASY;7;138;-0.132443607;-0.213490224;-1.600042061;0.254464118;0.239138363;-0.386907725;-0.452628587
2005;I0087;ASY;3;136;-0.266327228;-0.213490224;-1.229407266;-0.714634503;0.239138363;0.448307275;-0.452628587
2005;I0089;ASY;40;138;-1.057844101;0.239138363;-1.35792255;-0.697884561;-0.213490224;-0.359959541;0.452628587
2005;I0092;ASY;9;135;-1.057844101;0.239138363;-1.435966748;-1.875562409;0.239138363;0.817718308;0
2005;I0112;ASY;33;159;0.205955455;-1.118747399;0.310478836;0.582491063;-1.571375986;-0.376535608;0.452628587
2005;I0117;ASY;27;131;-0.47717944;0.239138363;1.280261195;-0.062545925;0.01282407;-0.414633516;0.226314294
2005;I0127;ASY;35;138;-0.266327228;-0.666118811;-0.598210052;0.285145781;-0.213490224;-0.551473009;-0.452628587
2005;I0143;ASY;36;136;-0.056788736;0.239138363;-0.251600417;0.119597621;0.69176695;-0.176386357;-0.452628587
2005;I0165;ASY;11;141;-1.092000846;0.69176695;0.375979066;-1.223012312;0.540890755;0.131011466;0.150876196
2005;I0174;SY;20;150;-0.795850609;0.69176695;0.990719367;-0.401358974;0.465452657;-0.394491634;0.226314294
2005;I0178;SY;20;155;-0.795850609;0.69176695;0.990719367;-0.697132953;0.01282407;-0.098717656;0.678942881
2005;I0188;ASY;22;148;-1.092000846;-0.213490224;-0.090364539;-1.223012312;0.540890755;0.131011466;-0.754380979
2005;I0192;ASY;15;133;-0.795850609;1.144395538;-0.066634594;-0.401358974;1.144395538;-0.394491634;0
2005;I0196;ASY;30;135;-0.795850609;-0.666118811;0.27044227;-0.401358974;-0.213490224;-0.394491634;-0.452628587
2005;I0197;ASY;9;137;-1.057844101;0.239138363;-1.435966748;-0.697884561;0.465452657;-0.359959541;-0.226314294
2005;I0198;ASY;9;135;-1.057844101;0.239138363;-1.435966748;-1.363016613;0.390014559;0.305172512;-0.150876196
2005;I0203;ASY;17;134;0.192818245;0.239138363;-0.989585067;0.362904055;-0.439804518;-0.170085809;0.678942881
2005;I0206;ASY;15;137;-0.795850609;1.144395538;-0.066634594;-0.697132953;1.144395538;-0.098717656;0
2005;I0207;ASY;19;135;-0.056788736;-1.118747399;-0.151356026;0.119597621;-1.118747399;-0.176386357;0
2005;I0210;ASY;36;137;-0.056788736;0.239138363;-0.251600417;-0.28339272;-0.213490224;0.226603985;0.452628587
2005;I0211;ASY;36;138;-0.056788736;0.239138363;-0.251600417;0.119597621;0.69176695;-0.176386357;-0.452628587
2005;I0214;ASY;3;138;-0.266327228;-0.213490224;-1.229407266;-0.714634503;-0.439804518;0.448307275;0.226314294
2005;I0217;ASY;39;136;-0.795850609;-0.213490224;0.501354333;-0.401358974;0.465452657;-0.394491634;-0.678942881
2005;I0226;ASY;5;137;-1.092000846;1.144395538;0.805018189;-0.534442219;1.144395538;-0.557558627;0
2005;I0227;ASY;39;141;-0.795850609;-0.213490224;0.501354333;-0.401358974;0.465452657;-0.394491634;-0.678942881
2005;I0228;ASY;16;143;-0.266327228;-0.666118811;-0.253291196;-0.197550072;0.088262167;-0.068777156;-0.754380979
2005;I0231;ASY;35;142;-0.266327228;-0.666118811;-0.598210052;-0.197550072;-0.515242616;-0.068777156;-0.150876196
2005;I0232;ASY;1;141;-0.132443607;0.69176695;-1.047774692;-0.25447959;0.69176695;0.122035983;0
2005;I0234;ASY;7;140;-0.132443607;-0.213490224;-1.600042061;0.254464118;0.239138363;-0.386907725;-0.452628587
2005;I0238;ASY;2;141;-0.132443607;1.144395538;-1.630830336;0.254464118;0.465452657;-0.386907725;0.678942881
2005;I0240;ASY;4;139;-0.266327228;0.69176695;-1.323248168;0.285145781;0.69176695;-0.551473009;0
2005;I0246;ASY;20;143;-0.795850609;0.69176695;0.990719367;-0.401358974;0.465452657;-0.394491634;0.226314294
2005;I0247;ASY;40;138;-1.057844101;0.239138363;-1.35792255;-0.697884561;-0.213490224;-0.359959541;0.452628587
2005;I0250;ASY;2;145;-0.132443607;1.144395538;-1.630830336;0.254464118;0.465452657;-0.386907725;0.678942881
2005;I0256;ASY;39;143;-0.795850609;-0.213490224;0.501354333;-0.564192275;-0.288928322;-0.231658334;0.075438098
2005;I0264;SY;19;145;-0.056788736;-1.118747399;-0.151356026;-0.512367485;0.465452657;0.455578749;-1.584200055
2005;I0267;ASY;31;145;0.205955455;-0.666118811;0.432821436;0.582491063;0.01282407;-0.376535608;-0.678942881
2005;I0269;SY;8;144;0.205955455;-2.024004573;0.311042429;0.078962429;-2.47663316;0.126993026;0.452628587
2005;I0270;ASY;6;147;-1.092000846;-0.666118811;0.538701756;-0.534442219;-0.213490224;-0.557558627;-0.452628587
2005;I0271;ASY;1;134;-0.132443607;0.69176695;-1.047774692;0.254464118;0.69176695;-0.386907725;0
2005;I0273;ASY;22;137;-1.092000846;-0.213490224;-0.090364539;-1.223012312;0.540890755;0.131011466;-0.754380979
2005;I0277;ASY;26;138;-0.47717944;0.69176695;1.600838206;-0.280469048;1.031238391;-0.196710393;-0.33947144
2005;I0278;ASY;30;136;-0.795850609;-0.666118811;0.27044227;-0.401358974;-0.213490224;-0.394491634;-0.452628587
2005;I0279;ASY;38;137;-0.266327228;0.69176695;0.033534651;0.285145781;0.69176695;-0.551473009;0
2005;I0280;ASY;38;140;-0.266327228;0.69176695;0.033534651;0.013263502;0.540890755;-0.27959073;0.150876196
2005;I0284;SY;16;143;-0.266327228;-0.666118811;-0.253291196;-0.197550072;0.088262167;-0.068777156;-0.754380979
2005;I0285;ASY;14;140;-0.795850609;0.69176695;-0.013232825;-0.401358974;0.918081244;-0.394491634;-0.226314294
2005;I0289;ASY;8;143;0.205955455;-2.024004573;0.311042429;0.582491063;-2.47663316;-0.376535608;0.452628587
2005;I0291;ASY;36;140;-0.056788736;0.239138363;-0.251600417;0.119597621;0.69176695;-0.176386357;-0.452628587
2005;I0296;ASY;24;140;-0.47717944;1.144395538;2.278523782;-0.280469048;0.804924097;-0.196710393;0.33947144
2005;I0302;SY;37;143;-0.266327228;0.69176695;0.033362889;0.285145781;0.69176695;-0.551473009;0
2005;I0304;ASY;37;141;-0.266327228;0.69176695;0.033362889;0.013263502;0.239138363;-0.27959073;0.452628587
2005;I0307;ASY;15;141;-0.795850609;1.144395538;-0.066634594;-0.401358974;1.144395538;-0.394491634;0
2005;I0314;ASY;12;142;-1.092000846;0.239138363;-0.16270303;-0.534442219;0.465452657;-0.557558627;-0.226314294
2005;I0315;ASY;22;144;-1.092000846;-0.213490224;-0.090364539;-0.534442219;0.465452657;-0.557558627;-0.678942881
2005;I0316;ASY;21;142;-0.61044001;-1.571375986;-0.675899992;-0.892068939;-0.816995007;0.281628929;-0.754380979
2005;I0325;SY;38;140;-0.266327228;0.69176695;0.033534651;0.285145781;0.69176695;-0.551473009;0
2005;I0328;ASY;12;147;-1.092000846;0.239138363;-0.16270303;-1.223012312;0.540890755;0.131011466;-0.301752392
2005;I0330;ASY;38;145;-0.266327228;0.69176695;0.033534651;0.285145781;0.69176695;-0.551473009;0
2005;I0332;ASY;20;141;-0.795850609;0.69176695;0.990719367;0.092787702;-0.304015942;-0.888638311;0.995782892
2005;I0339;ASY;10;142;0.192818245;-0.213490224;-0.594812392;0.362904055;-0.666118811;-0.170085809;0.452628587
2005;I0341;SY;37;150;-0.266327228;0.69176695;0.033362889;0.285145781;0.69176695;-0.551473009;0
2005;I0343;SY;31;149;0.205955455;-0.666118811;0.432821436;0.142716534;-0.967871203;0.063238921;0.301752392
2005;I0345;ASY;5;148;-1.092000846;1.144395538;0.805018189;-1.223012312;0.993519342;0.131011466;0.150876196
2005;I0346;ASY;11;143;-1.092000846;0.69176695;0.375979066;-0.534442219;0.465452657;-0.557558627;0.226314294
2005;I0349;ASY;21;151;-0.61044001;-1.571375986;-0.675899992;-0.24690879;-0.892433105;-0.36353122;-0.678942881
2005;I0352;SY;23;149;-0.61044001;0.239138363;-0.310756202;-0.892068939;0.69176695;0.281628929;-0.452628587
2005;I0353;ASY;21;148;-0.61044001;-1.571375986;-0.675899992;-0.892068939;-0.816995007;0.281628929;-0.754380979
2005;I0357;ASY;34;150;-0.795850609;-0.213490224;1.02576411;-0.401358974;-0.439804518;-0.394491634;0.226314294
2005;I0358;ASY;18;148;-0.47717944;0.69176695;1.96485481;-0.062545925;0.918081244;-0.414633516;-0.226314294
2005;I0359;SY;2;145;-0.132443607;1.144395538;-1.630830336;-0.25447959;0.239138363;0.122035983;0.905257175
2005;I0361;ASY;17;150;0.192818245;0.239138363;-0.989585067;-0.272007139;0.01282407;0.464825384;0.226314294
2005;I0363;SY;4;148;-0.266327228;0.69176695;-1.323248168;0.285145781;0.69176695;-0.551473009;0
2005;I0367;ASY;6;154;-1.092000846;-0.666118811;0.538701756;-0.534442219;-0.213490224;-0.557558627;-0.452628587
2005;I0370;ASY;20;150;-0.795850609;0.69176695;0.990719367;-1.413467716;0.01282407;0.617617107;0.678942881
2005;I0372;SY;11;152;-1.092000846;0.69176695;0.375979066;-0.620030495;0.163700265;-0.471970351;0.528066685
2005;I0373;ASY;12;151;-1.092000846;0.239138363;-0.16270303;-0.534442219;0.465452657;-0.557558627;-0.226314294
2005;I0374;ASY;13;151;-0.61044001;-0.666118811;-1.258596011;-0.24690879;-1.118747399;-0.36353122;0.452628587
2005;I0381;ASY;20;154;-0.795850609;0.69176695;0.990719367;-0.401358974;0.465452657;-0.394491634;0.226314294
2005;I0385;SY;39;158;-0.795850609;-0.213490224;0.501354333;-0.401358974;0.465452657;-0.394491634;-0.678942881
2005;I0397;ASY;1;173;-0.132443607;0.69176695;-1.047774692;0.254464118;0.69176695;-0.386907725;0
2005;I0410;SY;11;174;-1.092000846;0.69176695;0.375979066;-0.534442219;0.465452657;-0.557558627;0.226314294
2005;I0454;SY;9;174;-1.057844101;0.239138363;-1.435966748;-1.363016613;0.390014559;0.305172512;-0.150876196
2006;I0004;ASY;9;135;-0.33792502;0.69176695;-1.435966748;-0.697884561;0.465452657;0.359959541;0.226314294
2006;I0016;ASY;5;135;0.023116409;1.144395538;0.805018189;-0.534442219;1.144395538;0.557558627;0
2006;I0019;ASY;23;141;0.11662243;0.69176695;-0.310756202;-0.24690879;0.465452657;0.36353122;0.226314294
2006;I0024;ASY;24;138;0.352087591;1.144395538;2.278523782;-0.110604928;0.782292668;0.462692519;0.36210287
2006;I0025;ASY;18;136;0.352087591;1.144395538;1.96485481;-0.062545925;0.918081244;0.414633516;0.226314294
2006;I0026;ASY;18;137;0.352087591;1.144395538;1.96485481;-0.494721479;0.69176695;0.84680907;0.452628587
2006;I0032;ASY;22;140;0.023116409;1.144395538;-0.090364539;-1.223012312;0.540890755;1.246128721;0.603504783
2006;I0053;ASY;40;134;-0.33792502;-0.666118811;-1.35792255;-0.697884561;-0.213490224;0.359959541;-0.452628587
2006;I0057;ASY;15;134;-0.00686734;1.144395538;-0.066634594;-0.401358974;1.144395538;0.394491634;0
2006;I0062;ASY;37;134;0.836618789;0.69176695;0.033362889;0.285145781;0.69176695;0.551473009;0
2006;I0071;ASY;27;135;0.352087591;-0.213490224;1.280261195;-0.062545925;0.01282407;0.414633516;-0.226314294
2006;I0075;ASY;26;137;0.352087591;1.144395538;1.600838206;-0.062545925;0.918081244;0.414633516;0.226314294
2006;I0082;ASY;7;129;0.641371842;0.69176695;-1.600042061;0.254464118;0.239138363;0.386907725;0.452628587
2006;I0089;ASY;40;133;-0.33792502;-0.666118811;-1.35792255;-0.697884561;-0.213490224;0.359959541;-0.452628587
2006;I0104;ASY;30;138;-0.00686734;0.239138363;0.27044227;-1.018976082;0.465452657;1.012108742;-0.226314294
2006;I0112;ASY;33;135;0.959026671;-2.024004573;0.310478836;0.582491063;-1.571375986;0.376535608;-0.452628587
2006;I0117;ASY;27;130;0.352087591;-0.213490224;1.280261195;-0.062545925;0.01282407;0.414633516;-0.226314294
2006;I0127;ASY;35;135;0.836618789;0.239138363;-0.598210052;0.285145781;-0.213490224;0.551473009;0.452628587
2006;I0143;ASY;36;136;0.295983979;1.144395538;-0.251600417;0.119597621;0.69176695;0.176386357;0.452628587
2006;I0165;ASY;11;136;0.023116409;0.239138363;0.375979066;-1.223012312;0.540890755;1.246128721;-0.301752392
2006;I0174;ASY;20;138;-0.00686734;0.239138363;0.990719367;-0.401358974;0.465452657;0.394491634;-0.226314294
2006;I0177;ASY;10;134;0.532989864;-1.118747399;-0.594812392;-0.113976651;-1.79769028;0.646966515;0.678942881
2006;I0178;ASY;20;133;-0.00686734;0.239138363;0.990719367;-0.697132953;0.01282407;0.690265613;0.226314294
2006;I0188;ASY;22;139;0.023116409;1.144395538;-0.090364539;-1.223012312;0.540890755;1.246128721;0.603504783
2006;I0192;ASY;15;132;-0.00686734;1.144395538;-0.066634594;-0.401358974;1.144395538;0.394491634;0
2006;I0196;ASY;30;148;-0.00686734;0.239138363;0.27044227;-0.401358974;-0.213490224;0.394491634;0.452628587
2006;I0197;ASY;9;131;-0.33792502;0.69176695;-1.435966748;-0.697884561;0.465452657;0.359959541;0.226314294
2006;I0198;ASY;9;134;-0.33792502;0.69176695;-1.435966748;-1.363016613;0.390014559;1.025091593;0.301752392
2006;I0203;ASY;17;135;0.532989864;-1.118747399;-0.989585067;0.362904055;-0.439804518;0.170085809;-0.678942881
2006;I0206;ASY;15;133;-0.00686734;1.144395538;-0.066634594;-0.697132953;1.144395538;0.690265613;0
2006;I0207;ASY;19;144;0.295983979;-1.118747399;-0.151356026;0.119597621;-1.118747399;0.176386357;0
2006;I0210;ASY;36;133;0.295983979;1.144395538;-0.251600417;-0.28339272;-0.213490224;0.579376699;1.357885762
2006;I0211;ASY;36;135;0.295983979;1.144395538;-0.251600417;0.119597621;0.69176695;0.176386357;0.452628587
2006;I0217;ASY;39;133;-0.00686734;1.144395538;0.501354333;-0.401358974;0.465452657;0.394491634;0.678942881
2006;I0226;ASY;5;138;0.023116409;1.144395538;0.805018189;-0.534442219;1.144395538;0.557558627;0
2006;I0227;ASY;39;133;-0.00686734;1.144395538;0.501354333;-0.401358974;0.465452657;0.394491634;0.678942881
2006;I0228;ASY;16;138;0.836618789;0.239138363;-0.253291196;-0.197550072;0.088262167;1.034168861;0.150876196
2006;I0231;ASY;35;137;0.836618789;0.239138363;-0.598210052;-0.197550072;-0.515242616;1.034168861;0.754380979
2006;I0232;ASY;1;137;0.641371842;0.69176695;-1.047774692;-0.25447959;0.69176695;0.895851432;0
2006;I0234;ASY;7;138;0.641371842;0.69176695;-1.600042061;0.254464118;0.239138363;0.386907725;0.452628587
2006;I0238;ASY;2;149;0.641371842;-0.213490224;-1.630830336;0.254464118;0.465452657;0.386907725;-0.678942881
2006;I0240;ASY;4;134;0.836618789;0.69176695;-1.323248168;0.285145781;0.69176695;0.551473009;0
2006;I0246;ASY;20;138;-0.00686734;0.239138363;0.990719367;-0.401358974;0.465452657;0.394491634;-0.226314294
2006;I0247;ASY;40;133;-0.33792502;-0.666118811;-1.35792255;-0.697884561;-0.213490224;0.359959541;-0.452628587
2006;I0250;ASY;2;139;0.641371842;-0.213490224;-1.630830336;0.254464118;0.465452657;0.386907725;-0.678942881
2006;I0256;ASY;39;148;-0.00686734;1.144395538;0.501354333;-0.564192275;-0.288928322;0.557324935;1.43332386
2006;I0264;ASY;14;139;-0.00686734;1.144395538;-0.013232825;-0.512367485;0.465452657;0.505500145;0.678942881
2006;I0267;ASY;31;138;0.959026671;0.69176695;0.432821436;0.582491063;0.01282407;0.376535608;0.678942881
2006;I0270;ASY;6;139;0.023116409;0.239138363;0.538701756;-0.534442219;-0.213490224;0.557558627;0.452628587
2006;I0271;ASY;1;134;0.641371842;0.69176695;-1.047774692;0.254464118;0.69176695;0.386907725;0
2006;I0273;ASY;22;137;0.023116409;1.144395538;-0.090364539;-1.223012312;0.540890755;1.246128721;0.603504783
2006;I0277;ASY;26;133;0.352087591;1.144395538;1.600838206;-0.280469048;1.031238391;0.632556638;0.113157147
2006;I0278;ASY;30;137;-0.00686734;0.239138363;0.27044227;-0.401358974;-0.213490224;0.394491634;0.452628587
2006;I0279;ASY;38;134;0.836618789;0.69176695;0.033534651;0.285145781;0.69176695;0.551473009;0
2006;I0284;ASY;16;148;0.836618789;0.239138363;-0.253291196;-0.197550072;0.088262167;1.034168861;0.150876196
2006;I0285;ASY;14;136;-0.00686734;1.144395538;-0.013232825;-0.401358974;0.918081244;0.394491634;0.226314294
2006;I0289;ASY;8;145;0.959026671;-2.929261748;0.311042429;0.582491063;-2.47663316;0.376535608;-0.452628587
2006;I0291;ASY;36;135;0.295983979;1.144395538;-0.251600417;0.119597621;0.69176695;0.176386357;0.452628587
2006;I0296;ASY;24;133;0.352087591;1.144395538;2.278523782;-0.280469048;0.804924097;0.632556638;0.33947144
2006;I0302;ASY;37;132;0.836618789;0.69176695;0.033362889;0.285145781;0.69176695;0.551473009;0
2006;I0307;ASY;15;136;-0.00686734;1.144395538;-0.066634594;-0.401358974;1.144395538;0.394491634;0
2006;I0314;ASY;12;135;0.023116409;0.69176695;-0.16270303;-0.534442219;0.465452657;0.557558627;0.226314294
2006;I0315;ASY;22;133;0.023116409;1.144395538;-0.090364539;-0.534442219;0.465452657;0.557558627;0.678942881
2006;I0316;ASY;21;135;0.11662243;-0.213490224;-0.675899992;-0.892068939;-0.816995007;1.008691369;0.603504783
2006;I0325;ASY;38;133;0.836618789;0.69176695;0.033534651;0.285145781;0.69176695;0.551473009;0
2006;I0328;ASY;12;138;0.023116409;0.69176695;-0.16270303;-1.223012312;0.540890755;1.246128721;0.150876196
2006;I0330;ASY;38;137;0.836618789;0.69176695;0.033534651;0.285145781;0.69176695;0.551473009;0
2006;I0332;ASY;39;135;-0.00686734;1.144395538;0.501354333;0.092787702;-0.304015942;-0.099655042;1.448411479
2006;I0339;ASY;10;133;0.532989864;-1.118747399;-0.594812392;0.362904055;-0.666118811;0.170085809;-0.452628587
2006;I0341;ASY;37;133;0.836618789;0.69176695;0.033362889;0.285145781;0.69176695;0.551473009;0
2006;I0343;ASY;33;138;0.959026671;-2.024004573;0.310478836;0.142716534;-0.967871203;0.816310136;-1.05613337
2006;I0345;ASY;5;137;0.023116409;1.144395538;0.805018189;-1.223012312;0.993519342;1.246128721;0.150876196
2006;I0346;ASY;11;135;0.023116409;0.239138363;0.375979066;-0.534442219;0.465452657;0.557558627;-0.226314294
2006;I0349;ASY;21;140;0.11662243;-0.213490224;-0.675899992;-0.24690879;-0.892433105;0.36353122;0.678942881
2006;I0352;ASY;23;135;0.11662243;0.69176695;-0.310756202;-0.892068939;0.69176695;1.008691369;-1.11E-15
2006;I0353;ASY;21;138;0.11662243;-0.213490224;-0.675899992;-0.892068939;-0.816995007;1.008691369;0.603504783
2006;I0357;ASY;34;144;-0.00686734;-0.666118811;1.02576411;-0.401358974;-0.439804518;0.394491634;-0.226314294
2006;I0358;ASY;18;141;0.352087591;1.144395538;1.96485481;-0.062545925;0.918081244;0.414633516;0.226314294
2006;I0359;ASY;2;136;0.641371842;-0.213490224;-1.630830336;-0.25447959;0.239138363;0.895851432;-0.452628587
2006;I0360;ASY;14;136;-0.00686734;1.144395538;-0.013232825;-0.664227068;1.144395538;0.657359728;0
2006;I0363;ASY;4;145;0.836618789;0.69176695;-1.323248168;0.285145781;0.69176695;0.551473009;0
2006;I0364;ASY;3;136;0.836618789;1.144395538;-1.229407266;-0.163161494;0.239138363;0.999780283;0.905257175
2006;I0367;ASY;6;150;0.023116409;0.239138363;0.538701756;-0.534442219;-0.213490224;0.557558627;0.452628587
2006;I0372;ASY;11;135;0.023116409;0.239138363;0.375979066;-0.620030495;0.163700265;0.643146903;0.075438098
2006;I0373;ASY;12;148;0.023116409;0.69176695;-0.16270303;-0.534442219;0.465452657;0.557558627;0.226314294
2006;I0374;ASY;13;153;0.11662243;-1.571375986;-1.258596011;-0.24690879;-1.118747399;0.36353122;-0.452628587
2006;I0381;ASY;20;143;-0.00686734;0.239138363;0.990719367;-0.401358974;0.465452657;0.394491634;-0.226314294
2006;I0385;ASY;39;139;-0.00686734;1.144395538;0.501354333;-0.401358974;0.465452657;0.394491634;0.678942881
2006;I0397;ASY;1;128;0.641371842;0.69176695;-1.047774692;0.254464118;0.69176695;0.386907725;0
2006;I0410;ASY;11;138;0.023116409;0.239138363;0.375979066;-0.534442219;0.465452657;0.557558627;-0.226314294
2006;I0417;ASY;14;138;-0.00686734;1.144395538;-0.013232825;-1.018976082;1.144395538;1.012108742;0
2006;I0418;ASY;6;138;0.023116409;0.239138363;0.538701756;-1.288518045;-0.213490224;1.311634454;0.452628587
2006;I0420;ASY;6;138;0.023116409;0.239138363;0.538701756;-1.288518045;-0.213490224;1.311634454;0.452628587
2006;I0437;ASY;37;133;0.836618789;0.69176695;0.033362889;-0.163161494;0.69176695;0.999780283;0
2006;I0439;ASY;20;133;-0.00686734;0.239138363;0.990719367;-1.018976082;-0.439804518;1.012108742;0.678942881
2006;I0443;ASY;39;138;-0.00686734;1.144395538;0.501354333;-1.018976082;0.69176695;1.012108742;0.452628587
2006;I0444;ASY;23;140;0.11662243;0.69176695;-0.310756202;-1.241765035;0.69176695;1.358387465;0
2006;I0445;ASY;12;139;0.023116409;0.69176695;-0.16270303;-1.288518045;0.69176695;1.311634454;0
2006;I0446;ASY;4;137;0.836618789;0.69176695;-1.323248168;0.572885444;-0.032438789;0.263733345;0.72420574
2006;I0452;ASY;29;154;-0.00686734;-2.024004573;0.698831919;-1.018976082;-1.571375986;1.012108742;-0.452628587
2006;I0454;ASY;9;139;-0.33792502;0.69176695;-1.435966748;-1.363016613;0.390014559;1.025091593;0.301752392
2006;I0459;ASY;9;135;-0.33792502;0.69176695;-1.435966748;-1.515602869;0.465452657;1.177677849;0.226314294
2006;I0462;ASY;3;141;0.836618789;1.144395538;-1.229407266;-0.163161494;0.918081244;0.999780283;0.226314294
2006;I0473;ASY;1;134;0.641371842;0.69176695;-1.047774692;0.01668787;0.842643146;0.624683972;-0.150876196
2006;I0474;ASY;1;139;0.641371842;0.69176695;-1.047774692;0.624886737;1.06895744;0.016485105;-0.377190489
2006;I0475;ASY;14;136;-0.00686734;1.144395538;-0.013232825;-1.018976082;1.144395538;1.012108742;0
2006;I0486;ASY;11;137;0.023116409;0.239138363;0.375979066;-0.712393449;0.35229551;0.735509858;-0.113157147
2006;I0491;ASY;35;133;0.836618789;0.239138363;-0.598210052;-0.163161494;-0.439804518;0.999780283;0.678942881
2006;I0498;ASY;24;133;0.352087591;1.144395538;2.278523782;-0.503492499;0.69176695;0.855580089;0.452628587
2006;I0502;ASY;24;133;0.352087591;1.144395538;2.278523782;0.357187919;0.69176695;-0.005100328;0.452628587
2006;I0503;ASY;24;145;0.352087591;1.144395538;2.278523782;-0.503492499;0.69176695;0.855580089;0.452628587
2006;I0504;ASY;26;133;0.352087591;1.144395538;1.600838206;-0.503492499;1.144395538;0.855580089;0
2006;I0506;ASY;31;134;0.959026671;0.69176695;0.432821436;0.111097074;0.69176695;0.847929597;0
2006;I0508;SY;13;133;0.11662243;-1.571375986;-1.258596011;0.032476671;-0.394541659;0.084145759;-1.176834327
2006;I0510;ASY;4;133;0.836618789;0.69176695;-1.323248168;0.081770186;0.088262167;0.754848604;0.603504783
2006;I0514;ASY;40;141;-0.33792502;-0.666118811;-1.35792255;-1.515602869;-0.892433105;1.177677849;0.226314294
2006;I0520;SY;3;149;0.836618789;1.144395538;-1.229407266;-0.163161494;0.239138363;0.999780283;0.905257175
2006;I0530;ASY;6;140;0.023116409;0.239138363;0.538701756;-1.288518045;-0.213490224;1.311634454;0.452628587
2006;I0533;ASY;5;136;0.023116409;1.144395538;0.805018189;-1.288518045;0.918081244;1.311634454;0.226314294
2006;I0534;ASY;11;152;0.023116409;0.239138363;0.375979066;-0.712393449;0.35229551;0.735509858;-0.113157147
2006;I0545;ASY;1;131;0.641371842;0.69176695;-1.047774692;0.353850488;1.015073084;0.287521354;-0.323306134
2006;I0548;ASY;38;140;0.836618789;0.69176695;0.033534651;0.24277944;0.578609804;0.593839349;0.113157147
2006;I0555;ASY;21;135;0.11662243;-0.213490224;-0.675899992;-0.512732014;-0.515242616;0.629354444;0.301752392
2006;I0558;SY;34;147;-0.00686734;-0.666118811;1.02576411;0.187754945;-0.36436642;-0.194622285;-0.301752392
2006;I0562;ASY;30;170;-0.00686734;0.239138363;0.27044227;0.275679262;0.465452657;-0.282546602;-0.226314294
2006;I0566;SY;26;143;0.352087591;1.144395538;1.600838206;-0.214898917;1.144395538;0.566986507;0
2006;I0569;ASY;19;158;0.295983979;-1.118747399;-0.151356026;0.17062747;-0.213490224;0.125356509;-0.905257175
2007;I0008;ASY;2;144;-1.272367005;-0.213490224;-1.630830336;-0.702405306;0.465452657;-0.569961699;-0.678942881
2007;I0023;ASY;13;143;-2.182389236;-1.118747399;-1.258596011;-0.625406527;-0.552961665;-1.556982709;-0.565785734
2007;I0024;ASY;24;145;-1.359072588;0.239138363;2.278523782;-0.110604928;0.782292668;-1.24846766;-0.543154305
2007;I0026;ASY;18;144;-1.359072588;0.239138363;1.96485481;-0.494721479;0.69176695;-0.864351109;-0.452628587
2007;I0032;ASY;22;143;-2.600152499;0.69176695;-0.090364539;-1.223012312;0.540890755;-1.377140187;0.150876196
2007;I0047;ASY;11;147;-2.600152499;0.69176695;0.375979066;-1.846076673;0.69176695;-0.754075827;0
2007;I0087;ASY;38;133;-1.162941777;0.69176695;0.033534651;-0.714634503;0.239138363;-0.448307275;0.452628587
2007;I0092;ASY;9;133;-2.693280717;0.239138363;-1.435966748;-1.875562409;0.239138363;-0.817718308;0
2007;I0104;ASY;30;146;-2.031084824;0.69176695;0.27044227;-1.018976082;0.465452657;-1.012108742;0.226314294
2007;I0165;ASY;11;144;-2.600152499;0.69176695;0.375979066;-1.223012312;0.540890755;-1.377140187;0.150876196
2007;I0169;ASY;38;146;-1.162941777;0.69176695;0.033534651;0.369861462;0.540890755;-1.53280324;0.150876196
2007;I0177;ASY;10;137;-0.760943166;-2.47663316;-0.594812392;-0.113976651;-1.79769028;-0.646966515;-0.678942881
2007;I0178;ASY;20;141;-2.031084824;-0.666118811;0.990719367;-0.697132953;0.01282407;-1.33395187;-0.678942881
2007;I0188;ASY;22;144;-2.600152499;0.69176695;-0.090364539;-1.223012312;0.540890755;-1.377140187;0.150876196
2007;I0198;ASY;9;134;-2.693280717;0.239138363;-1.435966748;-1.363016613;0.390014559;-1.330264104;-0.150876196
2007;I0206;ASY;15;136;-2.031084824;1.144395538;-0.066634594;-0.697132953;1.144395538;-1.33395187;0
2007;I0210;ASY;36;144;-1.089373404;-2.024004573;-0.251600417;-0.28339272;-0.213490224;-0.805980684;-1.810514349
2007;I0214;ASY;3;134;-1.162941777;-0.666118811;-1.229407266;-0.714634503;-0.439804518;-0.448307275;-0.226314294
2007;I0228;ASY;16;133;-1.162941777;0.69176695;-0.253291196;-0.197550072;0.088262167;-0.965391705;0.603504783
2007;I0231;ASY;35;135;-1.162941777;-1.118747399;-0.598210052;-0.197550072;-0.515242616;-0.965391705;-0.603504783
2007;I0232;ASY;1;142;-1.272367005;0.69176695;-1.047774692;-0.25447959;0.69176695;-1.017887415;0
2007;I0256;ASY;39;143;-2.031084824;0.239138363;0.501354333;-0.564192275;-0.288928322;-1.466892549;0.528066685
2007;I0264;ASY;14;143;-2.031084824;1.144395538;-0.013232825;-0.512367485;0.465452657;-1.518717339;0.678942881
2007;I0269;ASY;8;137;-0.736832523;-2.929261748;0.311042429;0.078962429;-2.47663316;-0.815794952;-0.452628587
2007;I0273;ASY;22;136;-2.600152499;0.69176695;-0.090364539;-1.223012312;0.540890755;-1.377140187;0.150876196
2007;I0277;ASY;26;133;-1.359072588;1.144395538;1.600838206;-0.280469048;1.031238391;-1.078603541;0.113157147
2007;I0280;ASY;38;141;-1.162941777;0.69176695;0.033534651;0.013263502;0.540890755;-1.176205279;0.150876196
2007;I0284;ASY;16;138;-1.162941777;0.69176695;-0.253291196;-0.197550072;0.088262167;-0.965391705;0.603504783
2007;I0296;ASY;18;144;-1.359072588;0.239138363;1.96485481;-0.280469048;0.804924097;-1.078603541;-0.565785734
2007;I0304;ASY;37;141;-1.162941777;0.69176695;0.033362889;0.013263502;0.239138363;-1.176205279;0.452628587
2007;I0316;ASY;21;143;-2.182389236;-0.666118811;-0.675899992;-0.892068939;-0.816995007;-1.290320298;0.150876196
2007;I0328;ASY;12;138;-2.600152499;0.69176695;-0.16270303;-1.223012312;0.540890755;-1.377140187;0.150876196
2007;I0343;ASY;33;143;-0.736832523;-0.213490224;0.310478836;0.142716534;-0.967871203;-0.879549057;0.754380979
2007;I0345;ASY;5;144;-2.600152499;0.69176695;0.805018189;-1.223012312;0.993519342;-1.377140187;-0.301752392
2007;I0352;ASY;23;147;-2.182389236;1.144395538;-0.310756202;-0.892068939;0.69176695;-1.290320298;0.452628587
2007;I0353;ASY;21;148;-2.182389236;-0.666118811;-0.675899992;-0.892068939;-0.816995007;-1.290320298;0.150876196
2007;I0359;ASY;2;143;-1.272367005;-0.213490224;-1.630830336;-0.25447959;0.239138363;-1.017887415;-0.452628587
2007;I0360;ASY;15;138;-2.031084824;1.144395538;-0.066634594;-0.664227068;1.144395538;-1.366857756;0
2007;I0361;ASY;33;144;-0.736832523;-0.213490224;0.310478836;-0.272007139;0.01282407;-0.464825384;-0.226314294
2007;I0364;ASY;3;136;-1.162941777;-0.666118811;-1.229407266;-0.163161494;0.239138363;-0.999780283;-0.905257175
2007;I0368;ASY;15;144;-2.031084824;1.144395538;-0.066634594;-0.667280269;1.144395538;-1.363804554;0
2007;I0370;ASY;20;143;-2.031084824;-0.666118811;0.990719367;-1.413467716;0.01282407;-0.617617107;-0.678942881
2007;I0372;ASY;11;136;-2.600152499;0.69176695;0.375979066;-0.620030495;0.163700265;-1.980122005;0.528066685
2007;I0395;ASY;12;144;-2.600152499;0.69176695;-0.16270303;-1.40072527;0.239138363;-1.199427229;0.452628587
2007;I0417;ASY;15;143;-2.031084824;1.144395538;-0.066634594;-1.018976082;1.144395538;-1.012108742;0
2007;I0418;ASY;6;145;-2.600152499;-0.666118811;0.538701756;-1.288518045;-0.213490224;-1.311634454;-0.452628587
2007;I0420;ASY;6;147;-2.600152499;-0.666118811;0.538701756;-1.288518045;-0.213490224;-1.311634454;-0.452628587
2007;I0437;ASY;37;136;-1.162941777;0.69176695;0.033362889;-0.163161494;0.69176695;-0.999780283;0
2007;I0439;ASY;29;143;-2.031084824;-1.118747399;0.698831919;-1.018976082;-0.439804518;-1.012108742;-0.678942881
2007;I0443;ASY;39;146;-2.031084824;0.239138363;0.501354333;-1.018976082;0.69176695;-1.012108742;-0.452628587
2007;I0444;ASY;22;145;-2.600152499;0.69176695;-0.090364539;-1.241765035;0.69176695;-1.358387465;0
2007;I0445;ASY;12;144;-2.600152499;0.69176695;-0.16270303;-1.288518045;0.69176695;-1.311634454;0
2007;I0446;ASY;3;145;-1.162941777;-0.666118811;-1.229407266;0.572885444;-0.032438789;-1.735827222;-0.633680022
2007;I0452;ASY;29;144;-2.031084824;-1.118747399;0.698831919;-1.018976082;-1.571375986;-1.012108742;0.452628587
2007;I0454;ASY;9;136;-2.693280717;0.239138363;-1.435966748;-1.363016613;0.390014559;-1.330264104;-0.150876196
2007;I0459;ASY;9;133;-2.693280717;0.239138363;-1.435966748;-1.515602869;0.465452657;-1.177677849;-0.226314294
2007;I0462;ASY;4;136;-1.162941777;0.69176695;-1.323248168;-0.163161494;0.918081244;-0.999780283;-0.226314294
2007;I0473;ASY;1;137;-1.272367005;0.69176695;-1.047774692;0.01668787;0.842643146;-1.289054875;-0.150876196
2007;I0475;ASY;15;145;-2.031084824;1.144395538;-0.066634594;-1.018976082;1.144395538;-1.012108742;0
2007;I0486;ASY;11;144;-2.600152499;0.69176695;0.375979066;-0.712393449;0.35229551;-1.88775905;0.33947144
2007;I0491;ASY;35;134;-1.162941777;-1.118747399;-0.598210052;-0.163161494;-0.439804518;-0.999780283;-0.678942881
2007;I0498;ASY;24;147;-1.359072588;0.239138363;2.278523782;-0.503492499;0.69176695;-0.855580089;-0.452628587
2007;I0503;ASY;24;146;-1.359072588;0.239138363;2.278523782;-0.503492499;0.69176695;-0.855580089;-0.452628587
2007;I0504;ASY;26;133;-1.359072588;1.144395538;1.600838206;-0.503492499;1.144395538;-0.855580089;0
2007;I0506;ASY;31;140;-0.736832523;0.69176695;0.432821436;0.111097074;0.69176695;-0.847929597;0
2007;I0510;ASY;2;142;-1.272367005;-0.213490224;-1.630830336;0.081770186;0.088262167;-1.354137191;-0.301752392
2007;I0514;ASY;40;142;-2.693280717;-1.118747399;-1.35792255;-1.515602869;-0.892433105;-1.177677849;-0.226314294
2007;I0520;ASY;3;142;-1.162941777;-0.666118811;-1.229407266;-0.163161494;0.239138363;-0.999780283;-0.905257175
2007;I0530;ASY;6;144;-2.600152499;-0.666118811;0.538701756;-1.288518045;-0.213490224;-1.311634454;-0.452628587
2007;I0533;ASY;5;144;-2.600152499;0.69176695;0.805018189;-1.288518045;0.918081244;-1.311634454;-0.226314294
2007;I0534;ASY;11;136;-2.600152499;0.69176695;0.375979066;-0.712393449;0.35229551;-1.88775905;0.33947144
2007;I0535;ASY;22;144;-2.600152499;0.69176695;-0.090364539;-0.662824633;0.01282407;-1.937327867;0.678942881
2007;I0545;ASY;1;135;-1.272367005;0.69176695;-1.047774692;0.353850488;1.015073084;-1.626217494;-0.323306134
2007;I0548;ASY;15;144;-2.031084824;1.144395538;-0.066634594;0.24277944;0.578609804;-2.273864264;0.565785734
2007;I0555;ASY;21;144;-2.182389236;-0.666118811;-0.675899992;-0.512732014;-0.515242616;-1.669657223;-0.150876196
2007;I0562;ASY;38;136;-1.162941777;0.69176695;0.033534651;0.275679262;0.465452657;-1.438621039;0.226314294
2007;I0564;ASY;35;142;-1.162941777;-1.118747399;-0.598210052;0.153058867;-1.118747399;-1.316000644;0
2007;I0566;ASY;26;143;-1.359072588;1.144395538;1.600838206;-0.214898917;1.144395538;-1.144173672;0
2007;I0571;ASY;40;135;-2.693280717;-1.118747399;-1.35792255;-1.231923899;-1.118747399;-1.461356819;0
2007;I0573;ASY;1;135;-1.272367005;0.69176695;-1.047774692;-0.295654116;0.918081244;-0.976712889;-0.226314294
2007;I0576;ASY;37;136;-1.162941777;0.69176695;0.033362889;0.153058867;0.01282407;-1.316000644;0.678942881
2007;I0577;ASY;4;138;-1.162941777;0.69176695;-1.323248168;0.506952108;0.125981216;-1.669893885;0.565785734
2007;I0578;ASY;20;142;-2.031084824;-0.666118811;0.990719367;-0.429763193;-0.515242616;-1.601321631;-0.150876196
2007;I0580;ASY;13;136;-2.182389236;-1.118747399;-1.258596011;-0.827409236;-0.666118811;-1.354980001;-0.452628587
2007;I0583;ASY;12;135;-2.600152499;0.69176695;-0.16270303;-0.662824633;0.239138363;-1.937327867;0.452628587
2007;I0585;ASY;18;144;-1.359072588;0.239138363;1.96485481;0.024089859;0.69176695;-1.383162447;-0.452628587
2007;I0587;ASY;27;143;-1.359072588;-0.213490224;1.280261195;-0.49839217;-0.439804518;-0.860680418;0.226314294
2007;I0589;ASY;4;142;-1.162941777;0.69176695;-1.323248168;0.153058867;0.465452657;-1.316000644;0.226314294
2007;I0592;ASY;16;143;-1.162941777;0.69176695;-0.253291196;0.334214006;0.842643146;-1.497155783;-0.150876196
2007;I0594;ASY;3;144;-1.162941777;-0.666118811;-1.229407266;0.153058867;-0.213490224;-1.316000644;-0.452628587
2007;I0602;SY;27;137;-1.359072588;-0.213490224;1.280261195;-0.49839217;-0.439804518;-0.860680418;0.226314294
2007;I0604;ASY;1;141;-1.272367005;0.69176695;-1.047774692;-0.295654116;0.918081244;-0.976712889;-0.226314294
2007;I0607;ASY;16;138;-1.162941777;0.69176695;-0.253291196;0.153058867;0.69176695;-1.316000644;0
2007;I0611;ASY;22;144;-2.600152499;0.69176695;-0.090364539;-0.957563402;0.842643146;-1.642589097;-0.150876196
2007;I0612;ASY;23;143;-2.182389236;1.144395538;-0.310756202;-1.191843639;0.918081244;-0.990545598;0.226314294
2007;I0614;SY;26;144;-1.359072588;1.144395538;1.600838206;-0.05389855;0.872818385;-1.305174038;0.271577152
2007;I0617;ASY;32;149;-0.760943166;-2.47663316;-0.402294424;0.401007701;-2.47663316;-1.161950867;0
2007;I0619;ASY;31;149;-0.736832523;0.69176695;0.432821436;0.592633761;0.465452657;-1.329466284;0.226314294
2007;I0621;ASY;6;157;-2.600152499;-0.666118811;0.538701756;-1.40072527;-1.345061692;-1.199427229;0.678942881
2007;I0622;ASY;37;142;-1.162941777;0.69176695;0.033362889;0.15100497;0.239138363;-1.313946748;0.452628587
2007;I0627;ASY;4;146;-1.162941777;0.69176695;-1.323248168;-0.466754429;-0.213490224;-0.696187348;0.905257175
2007;I0629;SY;31;146;-0.736832523;0.69176695;0.432821436;0.592633761;0.125981216;-1.329466284;0.565785734
2007;I0634;ASY;30;130;-2.031084824;0.69176695;0.27044227;-0.281012656;0.465452657;-1.750072167;0.226314294
2007;I0636;ASY;38;133;-1.162941777;0.69176695;0.033534651;0.369861462;0.540890755;-1.53280324;0.150876196
2007;I0638;ASY;17;138;-0.760943166;-1.571375986;-0.989585067;0.401007701;-1.42049979;-1.161950867;-0.150876196
2007;I0639;ASY;35;134;-1.162941777;-1.118747399;-0.598210052;0.153058867;-1.118747399;-1.316000644;0
2007;I0641;ASY;15;140;-2.031084824;1.144395538;-0.066634594;-0.992906932;1.144395538;-1.038177892;0
2007;I0643;ASY;29;142;-2.031084824;-1.118747399;0.698831919;-1.662115472;-1.118747399;-0.368969351;0
2007;I0646;ASY;24;144;-1.359072588;0.239138363;2.278523782;-0.142644264;0.540890755;-1.216428324;-0.301752392
2007;I0651;ASY;22;145;-2.600152499;0.69176695;-0.090364539;-1.40072527;0.69176695;-1.199427229;0
2007;I0653;ASY;23;145;-2.182389236;1.144395538;-0.310756202;-0.340903834;1.144395538;-1.841485403;0
2007;I0655;SY;27;148;-1.359072588;-0.213490224;1.280261195;0.192674907;-1.043309301;-1.551747495;0.829819077
2007;I0659;SY;9;151;-2.693280717;0.239138363;-1.435966748;-1.954517039;0.01282407;-0.738763679;0.226314294
2007;I0668;ASY;39;149;-2.031084824;0.239138363;0.501354333;-0.992906932;-0.213490224;-1.038177892;0.452628587
2007;I0669;ASY;4;163;-1.162941777;0.69176695;-1.323248168;0.153058867;0.465452657;-1.316000644;0.226314294
2007;I0678;SY;37;138;-1.162941777;0.69176695;0.033362889;0.334214006;-0.213490224;-1.497155783;0.905257175
2007;I0679;ASY;4;138;-1.162941777;0.69176695;-1.323248168;0.418127202;0.30379959;-1.58106898;0.387967361
2007;I0683;ASY;27;141;-1.359072588;-0.213490224;1.280261195;-0.49839217;-0.439804518;-0.860680418;0.226314294
2007;I0687;ASY;24;134;-1.359072588;0.239138363;2.278523782;0.109821992;0.578609804;-1.46889458;-0.33947144
2007;I0688;ASY;4;143;-1.162941777;0.69176695;-1.323248168;0.153058867;0.465452657;-1.316000644;0.226314294
2007;I0695;ASY;11;145;-2.600152499;0.69176695;0.375979066;-0.957563402;0.390014559;-1.642589097;0.301752392
2007;I0700;SY;24;144;-1.359072588;0.239138363;2.278523782;-0.05389855;0.69176695;-1.305174038;-0.452628587
2008;I0024;ASY;24;137;0.362288248;0.69176695;2.278523782;-0.110604928;0.782292668;0.472893176;-0.090525717
2008;I0169;ASY;16;142;1.469059511;0.69176695;-0.253291196;0.369861462;0.540890755;1.099198048;0.150876196
2008;I0178;ASY;20;135;0.04527096;-0.213490224;0.990719367;-0.697132953;0.01282407;0.742403913;-0.226314294
2008;I0206;ASY;15;135;0.04527096;1.144395538;-0.066634594;-0.697132953;1.144395538;0.742403913;0
2008;I0256;ASY;39;137;0.04527096;-0.666118811;0.501354333;-0.564192275;-0.288928322;0.609463235;-0.377190489
2008;I0264;ASY;14;136;0.04527096;0.69176695;-0.013232825;-0.512367485;0.465452657;0.557638445;0.226314294
2008;I0269;ASY;8;137;0.767764356;-2.47663316;0.311042429;0.078962429;-2.47663316;0.688801927;0
2008;I0277;ASY;26;133;0.362288248;1.144395538;1.600838206;-0.280469048;1.031238391;0.642757295;0.113157147
2008;I0280;ASY;38;135;1.469059511;0.239138363;0.033534651;0.013263502;0.540890755;1.455796009;-0.301752392
2008;I0296;ASY;24;134;0.362288248;0.69176695;2.278523782;-0.280469048;0.804924097;0.642757295;-0.113157147
2008;I0304;ASY;37;137;1.469059511;-0.666118811;0.033362889;0.013263502;0.239138363;1.455796009;-0.905257175
2008;I0332;ASY;39;132;0.04527096;-0.666118811;0.501354333;0.092787702;-0.304015942;-0.047516742;-0.36210287
2008;I0360;ASY;15;137;0.04527096;1.144395538;-0.066634594;-0.664227068;1.144395538;0.709498028;0
2008;I0372;ASY;11;135;-0.201298041;0.69176695;0.375979066;-0.620030495;0.163700265;0.418732454;0.528066685
2008;I0395;ASY;12;139;-0.201298041;-0.213490224;-0.16270303;-1.40072527;0.239138363;1.199427229;-0.452628587
2008;I0446;ASY;3;137;1.469059511;0.239138363;-1.229407266;0.572885444;-0.032438789;0.896174067;0.271577152
2008;I0473;ASY;1;138;0.681058773;1.144395538;-1.047774692;0.01668787;0.842643146;0.664370903;0.301752392
2008;I0474;ASY;1;135;0.681058773;1.144395538;-1.047774692;0.624886737;1.06895744;0.056172036;0.075438098
2008;I0486;ASY;11;137;-0.201298041;0.69176695;0.375979066;-0.712393449;0.35229551;0.511095409;0.33947144
2008;I0502;ASY;18;134;0.362288248;0.239138363;1.96485481;0.357187919;0.69176695;0.005100328;-0.452628587
2008;I0508;ASY;13;136;0.527570765;-0.213490224;-1.258596011;0.032476671;-0.394541659;0.495094094;0.181051435
2008;I0510;ASY;2;135;0.681058773;-0.213490224;-1.630830336;0.081770186;0.088262167;0.599288587;-0.301752392
2008;I0534;ASY;11;136;-0.201298041;0.69176695;0.375979066;-0.712393449;0.35229551;0.511095409;0.33947144
2008;I0535;ASY;11;139;-0.201298041;0.69176695;0.375979066;-0.662824633;0.01282407;0.461526592;0.678942881
2008;I0545;ASY;1;134;0.681058773;1.144395538;-1.047774692;0.353850488;1.015073084;0.327208284;0.129322454
2008;I0548;ASY;37;136;1.469059511;-0.666118811;0.033362889;0.24277944;0.578609804;1.22628007;-1.244728615
2008;I0555;ASY;21;139;0.527570765;-0.666118811;-0.675899992;-0.512732014;-0.515242616;1.040302779;-0.150876196
2008;I0558;ASY;20;136;0.04527096;-0.213490224;0.990719367;0.187754945;-0.36436642;-0.142483985;0.150876196
2008;I0562;ASY;38;133;1.469059511;0.239138363;0.033534651;0.275679262;0.465452657;1.193380249;-0.226314294
2008;I0564;ASY;35;138;1.469059511;-1.118747399;-0.598210052;0.153058867;-1.118747399;1.316000644;0
2008;I0566;ASY;26;132;0.362288248;1.144395538;1.600838206;-0.214898917;1.144395538;0.577187164;0
2008;I0569;ASY;14;135;0.04527096;0.69176695;-0.013232825;0.17062747;-0.213490224;-0.125356509;0.905257175
2008;I0571;ASY;9;137;0.22943292;-1.118747399;-1.435966748;-1.231923899;-1.118747399;1.461356819;0
2008;I0573;ASY;1;134;0.681058773;1.144395538;-1.047774692;-0.295654116;0.918081244;0.976712889;0.226314294
2008;I0576;ASY;37;136;1.469059511;-0.666118811;0.033362889;0.153058867;0.01282407;1.316000644;-0.678942881
2008;I0577;ASY;4;136;1.469059511;0.239138363;-1.323248168;0.506952108;0.125981216;0.962107403;0.113157147
2008;I0578;ASY;20;136;0.04527096;-0.213490224;0.990719367;-0.429763193;-0.515242616;0.475034153;0.301752392
2008;I0580;ASY;13;133;0.527570765;-0.213490224;-1.258596011;-0.827409236;-0.666118811;1.354980001;0.452628587
2008;I0583;ASY;12;137;-0.201298041;-0.213490224;-0.16270303;-0.662824633;0.239138363;0.461526592;-0.452628587
2008;I0585;ASY;18;138;0.362288248;0.239138363;1.96485481;0.024089859;0.69176695;0.338198389;-0.452628587
2008;I0587;ASY;27;137;0.362288248;-0.666118811;1.280261195;-0.49839217;-0.439804518;0.860680418;-0.226314294
2008;I0589;ASY;3;137;1.469059511;0.239138363;-1.229407266;0.153058867;0.465452657;1.316000644;-0.226314294
2008;I0592;ASY;16;138;1.469059511;0.69176695;-0.253291196;0.334214006;0.842643146;1.134845505;-0.150876196
2008;I0594;ASY;3;140;1.469059511;0.239138363;-1.229407266;0.153058867;-0.213490224;1.316000644;0.452628587
2008;I0602;ASY;27;136;0.362288248;-0.666118811;1.280261195;-0.49839217;-0.439804518;0.860680418;-0.226314294
2008;I0604;ASY;1;137;0.681058773;1.144395538;-1.047774692;-0.295654116;0.918081244;0.976712889;0.226314294
2008;I0607;ASY;16;137;1.469059511;0.69176695;-0.253291196;0.153058867;0.69176695;1.316000644;0
2008;I0611;ASY;22;135;-0.201298041;0.69176695;-0.090364539;-0.957563402;0.842643146;0.756265361;-0.150876196
2008;I0612;ASY;22;138;-0.201298041;0.69176695;-0.090364539;-1.191843639;0.918081244;0.990545598;-0.226314294
2008;I0614;ASY;26;135;0.362288248;1.144395538;1.600838206;-0.05389855;0.872818385;0.416186798;0.271577152
2008;I0617;ASY;32;141;1.180736401;-2.47663316;-0.402294424;0.401007701;-2.47663316;0.7797287;0
2008;I0619;ASY;31;141;0.767764356;0.239138363;0.432821436;0.592633761;0.465452657;0.175130595;-0.226314294
2008;I0621;ASY;6;136;-0.201298041;-2.024004573;0.538701756;-1.40072527;-1.345061692;1.199427229;-0.678942881
2008;I0622;ASY;30;140;0.04527096;-0.213490224;0.27044227;0.15100497;0.239138363;-0.10573401;-0.452628587
2008;I0627;ASY;9;142;0.22943292;-1.118747399;-1.435966748;-0.466754429;-0.213490224;0.696187348;-0.905257175
2008;I0629;ASY;33;140;0.767764356;-1.118747399;0.310478836;0.592633761;0.125981216;0.175130595;-1.244728615
2008;I0634;ASY;38;132;1.469059511;0.239138363;0.033534651;-0.281012656;0.465452657;1.750072167;-0.226314294
2008;I0636;ASY;38;131;1.469059511;0.239138363;0.033534651;0.369861462;0.540890755;1.099198048;-0.301752392
2008;I0638;ASY;17;137;1.180736401;-0.666118811;-0.989585067;0.401007701;-1.42049979;0.7797287;0.754380979
2008;I0639;ASY;35;140;1.469059511;-1.118747399;-0.598210052;0.153058867;-1.118747399;1.316000644;0
2008;I0641;ASY;15;134;0.04527096;1.144395538;-0.066634594;-0.992906932;1.144395538;1.038177892;0
2008;I0646;ASY;24;139;0.362288248;0.69176695;2.278523782;-0.142644264;0.540890755;0.504932512;0.150876196
2008;I0651;ASY;22;137;-0.201298041;0.69176695;-0.090364539;-1.40072527;0.69176695;1.199427229;0
2008;I0653;ASY;23;138;0.527570765;1.144395538;-0.310756202;-0.340903834;1.144395538;0.868474599;0
2008;I0655;ASY;27;137;0.362288248;-0.666118811;1.280261195;0.192674907;-1.043309301;0.169613341;0.377190489
2008;I0660;SY;3;161;1.469059511;0.239138363;-1.229407266;1.136263082;0.01282407;0.332796428;0.226314294
2008;I0667;ASY;38;142;1.469059511;0.239138363;0.033534651;1.063583403;0.540890755;0.405476108;-0.301752392
2008;I0668;ASY;39;141;0.04527096;-0.666118811;0.501354333;-0.992906932;-0.213490224;1.038177892;-0.452628587
2008;I0669;ASY;4;135;1.469059511;0.239138363;-1.323248168;0.153058867;0.465452657;1.316000644;-0.226314294
2008;I0671;SY;17;147;1.180736401;-0.666118811;-0.989585067;0.656425839;-0.967871203;0.524310562;0.301752392
2008;I0672;ASY;15;133;0.04527096;1.144395538;-0.066634594;0.370897623;1.144395538;-0.325626662;0
2008;I0673;ASY;23;137;0.527570765;1.144395538;-0.310756202;0.377350155;1.144395538;0.15022061;0
2008;I0675;ASY;7;146;0.681058773;-2.47663316;-1.600042061;0.80091649;-1.269623594;-0.119857717;-1.207009566
2008;I0678;ASY;37;136;1.469059511;-0.666118811;0.033362889;0.334214006;-0.213490224;1.134845505;-0.452628587
2008;I0679;ASY;4;135;1.469059511;0.239138363;-1.323248168;0.418127202;0.30379959;1.050932308;-0.064661227
2008;I0683;ASY;27;140;0.362288248;-0.666118811;1.280261195;-0.49839217;-0.439804518;0.860680418;-0.226314294
2008;I0687;ASY;24;134;0.362288248;0.69176695;2.278523782;0.109821992;0.578609804;0.252466256;0.113157147
2008;I0688;ASY;4;137;1.469059511;0.239138363;-1.323248168;0.153058867;0.465452657;1.316000644;-0.226314294
2008;I0695;ASY;11;137;-0.201298041;0.69176695;0.375979066;-0.957563402;0.390014559;0.756265361;0.301752392
2008;I0700;ASY;24;145;0.362288248;0.69176695;2.278523782;-0.05389855;0.69176695;0.416186798;0
2008;I0704;ASY;30;136;0.04527096;-0.213490224;0.27044227;0.42221882;-0.666118811;-0.37694786;0.452628587
2008;I0709;ASY;26;133;0.362288248;1.144395538;1.600838206;0.465569898;1.144395538;-0.10328165;0
2008;I0715;ASY;14;134;0.04527096;0.69176695;-0.013232825;0.718075691;0.804924097;-0.672804731;-0.113157147
2008;I0720;ASY;11;136;-0.201298041;0.69176695;0.375979066;-0.136268854;0.239138363;-0.065029187;0.452628587
2008;I0726;ASY;12;140;-0.201298041;-0.213490224;-0.16270303;-0.136268854;0.01282407;-0.065029187;-0.226314294
2008;I0727;ASY;22;138;-0.201298041;0.69176695;-0.090364539;0.012915752;0.918081244;-0.214213793;-0.226314294
2008;I0736;ASY;38;136;1.469059511;0.239138363;0.033534651;1.193641777;0.465452657;0.275417733;-0.226314294
2008;I0740;ASY;16;139;1.469059511;0.69176695;-0.253291196;0.706560415;0.239138363;0.762499096;0.452628587
2008;I0745;ASY;9;134;0.22943292;-1.118747399;-1.435966748;-0.556057978;-0.439804518;0.785490898;-0.678942881
2008;I0747;ASY;3;136;1.469059511;0.239138363;-1.229407266;1.136263082;-0.213490224;0.332796428;0.452628587
2008;I0756;ASY;13;135;0.527570765;-0.213490224;-1.258596011;-0.06178786;-0.213490224;0.589358625;0
2008;I0757;ASY;13;137;0.527570765;-0.213490224;-1.258596011;0.272924634;-0.213490224;0.254646131;0
2008;I0762;ASY;38;138;1.469059511;0.239138363;0.033534651;0.996960363;0.465452657;0.472099148;-0.226314294
2008;I0766;ASY;3;139;1.469059511;0.239138363;-1.229407266;1.136263082;-0.213490224;0.332796428;0.452628587
2008;I0767;ASY;40;139;0.22943292;-1.571375986;-1.35792255;-0.043220178;-0.892433105;0.272653097;-0.678942881
2008;I0772;ASY;16;139;1.469059511;0.69176695;-0.253291196;1.136263082;0.01282407;0.332796428;0.678942881
2008;I0773;SY;26;145;0.362288248;1.144395538;1.600838206;0.465569898;1.144395538;-0.10328165;0
2008;I0776;ASY;21;145;0.527570765;-0.666118811;-0.675899992;0.272924634;-0.816995007;0.254646131;0.150876196
2008;I0791;ASY;30;138;0.04527096;-0.213490224;0.27044227;0.42221882;-0.666118811;-0.37694786;0.452628587
2008;I0800;ASY;15;140;0.04527096;1.144395538;-0.066634594;0.424368807;0.69176695;-0.379097847;0.452628587
2008;I0806;ASY;26;135;0.362288248;1.144395538;1.600838206;0.465569898;1.144395538;-0.10328165;0
2008;I0807;ASY;40;137;0.22943292;-1.571375986;-1.35792255;0.516449787;-1.118747399;-0.287016867;-0.452628587
2008;I0808;ASY;40;138;0.22943292;-1.571375986;-1.35792255;-0.043220178;-0.892433105;0.272653097;-0.678942881
2008;I0809;ASY;4;136;1.469059511;0.239138363;-1.323248168;1.063583403;-0.062614028;0.405476108;0.301752392
2008;I0813;ASY;31;137;0.767764356;0.239138363;0.432821436;0.90419814;0.239138363;-0.136433785;0
2008;I0817;ASY;5;137;-0.201298041;-0.213490224;0.805018189;-0.88968782;-0.213490224;0.688389779;0
2008;I0821;ASY;5;143;-0.201298041;-0.213490224;0.805018189;0.010046817;0.01282407;-0.211344858;-0.226314294
2008;I0825;ASY;31;144;0.767764356;0.239138363;0.432821436;0.90419814;0.239138363;-0.136433785;0
2008;I0827;SY;23;149;0.527570765;1.144395538;-0.310756202;-0.134017212;0.918081244;0.661587977;0.226314294
2008;I0836;ASY;21;151;0.527570765;-0.666118811;-0.675899992;0.377350155;-0.666118811;0.15022061;0
2008;I0837;SY;8;169;0.767764356;-2.47663316;0.311042429;1.002645104;-1.269623594;-0.234880748;-1.207009566
2008;I0845;SY;27;160;0.362288248;-0.666118811;1.280261195;0.599453518;-1.873128377;-0.237165271;1.207009566
2009;I0023;ASY;13;136;0.227129545;-0.213490224;-1.258596011;-0.625406527;-0.552961665;0.852536072;0.33947144
2009;I0024;ASY;24;137;0.568851548;0.69176695;2.278523782;-0.110604928;0.782292668;0.679456476;-0.090525717
2009;I0169;ASY;37;136;0.803466654;0.239138363;0.033362889;0.369861462;0.540890755;0.433605192;-0.301752392
2009;I0256;ASY;39;134;0.696524285;-1.118747399;0.501354333;-0.564192275;-0.288928322;1.260716559;-0.829819077
2009;I0332;ASY;39;131;0.696524285;-1.118747399;0.501354333;0.092787702;-0.304015942;0.603736582;-0.814731457
2009;I0368;ASY;15;137;0.696524285;1.144395538;-0.066634594;-0.667280269;1.144395538;1.363804554;0
2009;I0372;ASY;11;136;-0.071239666;-0.213490224;0.375979066;-0.620030495;0.163700265;0.548790828;-0.377190489
2009;I0446;ASY;4;137;0.803466654;-0.213490224;-1.323248168;0.572885444;-0.032438789;0.23058121;-0.181051435
2009;I0474;ASY;1;131;0.728816393;1.144395538;-1.047774692;0.624886737;1.06895744;0.103929656;0.075438098
2009;I0486;ASY;11;131;-0.071239666;-0.213490224;0.375979066;-0.712393449;0.35229551;0.641153783;-0.565785734
2009;I0508;ASY;13;136;0.227129545;-0.213490224;-1.258596011;0.032476671;-0.394541659;0.194652874;0.181051435
2009;I0534;ASY;11;133;-0.071239666;-0.213490224;0.375979066;-0.712393449;0.35229551;0.641153783;-0.565785734
2009;I0535;ASY;11;137;-0.071239666;-0.213490224;0.375979066;-0.662824633;0.01282407;0.591584966;-0.226314294
2009;I0545;ASY;1;134;0.728816393;1.144395538;-1.047774692;0.353850488;1.015073084;0.374965905;0.129322454
2009;I0548;ASY;15;141;0.696524285;1.144395538;-0.066634594;0.24277944;0.578609804;0.453744844;0.565785734
2009;I0562;ASY;38;129;0.803466654;0.69176695;0.033534651;0.275679262;0.465452657;0.527787392;0.226314294
2009;I0577;ASY;4;135;0.803466654;-0.213490224;-1.323248168;0.506952108;0.125981216;0.296514546;-0.33947144
2009;I0578;ASY;20;132;0.696524285;-0.666118811;0.990719367;-0.429763193;-0.515242616;1.126287477;-0.150876196
2009;I0583;ASY;12;135;-0.071239666;0.239138363;-0.16270303;-0.662824633;0.239138363;0.591584966;0
2009;I0585;ASY;24;133;0.568851548;0.69176695;2.278523782;0.024089859;0.69176695;0.544761689;-1.11E-15
2009;I0592;ASY;15;134;0.696524285;1.144395538;-0.066634594;0.334214006;0.842643146;0.362310279;0.301752392
2009;I0611;ASY;22;134;-0.071239666;1.144395538;-0.090364539;-0.957563402;0.842643146;0.886323736;0.301752392
2009;I0614;ASY;26;132;0.568851548;1.144395538;1.600838206;-0.05389855;0.872818385;0.622750098;0.271577152
2009;I0617;ASY;32;149;0.783229868;-2.47663316;-0.402294424;0.401007701;-2.47663316;0.382222167;0
2009;I0619;ASY;31;139;1.040631925;0.239138363;0.432821436;0.592633761;0.465452657;0.447998164;-0.226314294
2009;I0622;ASY;37;138;0.803466654;0.239138363;0.033362889;0.15100497;0.239138363;0.652461684;0
2009;I0629;ASY;31;138;1.040631925;0.239138363;0.432821436;0.592633761;0.125981216;0.447998164;0.113157147
2009;I0636;ASY;38;129;0.803466654;0.69176695;0.033534651;0.369861462;0.540890755;0.433605192;0.150876196
2009;I0638;ASY;17;134;0.783229868;-2.024004573;-0.989585067;0.401007701;-1.42049979;0.382222167;-0.603504783
2009;I0646;ASY;24;134;0.568851548;0.69176695;2.278523782;-0.142644264;0.540890755;0.711495812;0.150876196
2009;I0653;ASY;23;137;0.227129545;1.144395538;-0.310756202;-0.340903834;1.144395538;0.568033379;0
2009;I0660;ASY;4;139;0.803466654;-0.213490224;-1.323248168;1.136263082;0.01282407;-0.332796428;-0.226314294
2009;I0661;ASY;30;137;0.696524285;-0.666118811;0.27044227;-0.19621018;-0.36436642;0.892734464;-0.301752392
2009;I0667;ASY;38;139;0.803466654;0.69176695;0.033534651;1.063583403;0.540890755;-0.260116749;0.150876196
2009;I0672;ASY;15;127;0.696524285;1.144395538;-0.066634594;0.370897623;1.144395538;0.325626662;0
2009;I0673;ASY;23;136;0.227129545;1.144395538;-0.310756202;0.377350155;1.144395538;-0.15022061;0
2009;I0675;ASY;3;130;0.803466654;-0.666118811;-1.229407266;0.80091649;-1.269623594;0.002550164;0.603504783
2009;I0678;ASY;30;130;0.696524285;-0.666118811;0.27044227;0.334214006;-0.213490224;0.362310279;-0.452628587
2009;I0679;ASY;4;128;0.803466654;-0.213490224;-1.323248168;0.418127202;0.30379959;0.385339452;-0.517289814
2009;I0687;ASY;24;130;0.568851548;0.69176695;2.278523782;0.109821992;0.578609804;0.459029556;0.113157147
2009;I0695;ASY;11;137;-0.071239666;-0.213490224;0.375979066;-0.957563402;0.390014559;0.886323736;-0.603504783
2009;I0700;ASY;24;134;0.568851548;0.69176695;2.278523782;-0.05389855;0.69176695;0.622750098;0
2009;I0704;ASY;30;134;0.696524285;-0.666118811;0.27044227;0.42221882;-0.666118811;0.274305465;-9.99E-16
2009;I0709;ASY;26;130;0.568851548;1.144395538;1.600838206;0.465569898;1.144395538;0.10328165;0
2009;I0715;ASY;14;136;0.696524285;0.69176695;-0.013232825;0.718075691;0.804924097;-0.021551407;-0.113157147
2009;I0720;ASY;11;137;-0.071239666;-0.213490224;0.375979066;-0.136268854;0.239138363;0.065029187;-0.452628587
2009;I0726;ASY;12;139;-0.071239666;0.239138363;-0.16270303;-0.136268854;0.01282407;0.065029187;0.226314294
2009;I0727;ASY;23;137;0.227129545;1.144395538;-0.310756202;0.012915752;0.918081244;0.214213793;0.226314294
2009;I0740;ASY;36;138;-0.055938681;-0.213490224;-0.251600417;0.706560415;0.239138363;-0.762499096;-0.452628587
2009;I0745;ASY;40;129;-0.315873275;-0.213490224;-1.35792255;-0.556057978;-0.439804518;0.240184703;0.226314294
2009;I0747;ASY;3;130;0.803466654;-0.666118811;-1.229407266;1.136263082;-0.213490224;-0.332796428;-0.452628587
2009;I0756;ASY;13;130;0.227129545;-0.213490224;-1.258596011;-0.06178786;-0.213490224;0.288917405;0
2009;I0757;ASY;13;137;0.227129545;-0.213490224;-1.258596011;0.272924634;-0.213490224;-0.045795089;0
2009;I0766;ASY;3;137;0.803466654;-0.666118811;-1.229407266;1.136263082;-0.213490224;-0.332796428;-0.452628587
2009;I0767;ASY;9;137;-0.315873275;-0.213490224;-1.435966748;-0.043220178;-0.892433105;-0.272653097;0.678942881
2009;I0772;ASY;16;131;0.803466654;-0.666118811;-0.253291196;1.136263082;0.01282407;-0.332796428;-0.678942881
2009;I0773;ASY;26;134;0.568851548;1.144395538;1.600838206;0.465569898;1.144395538;0.10328165;0
2009;I0776;ASY;21;139;0.227129545;-0.666118811;-0.675899992;0.272924634;-0.816995007;-0.045795089;0.150876196
2009;I0778;ASY;14;136;0.696524285;0.69176695;-0.013232825;-0.023920207;0.69176695;0.720444492;-9.99E-16
2009;I0791;ASY;30;134;0.696524285;-0.666118811;0.27044227;0.42221882;-0.666118811;0.274305465;-9.99E-16
2009;I0800;ASY;37;133;0.803466654;0.239138363;0.033362889;0.424368807;0.69176695;0.379097847;-0.452628587
2009;I0806;ASY;26;131;0.568851548;1.144395538;1.600838206;0.465569898;1.144395538;0.10328165;0
2009;I0807;ASY;3;135;0.803466654;-0.666118811;-1.229407266;0.516449787;-1.118747399;0.287016867;0.452628587
2009;I0808;ASY;40;135;-0.315873275;-0.213490224;-1.35792255;-0.043220178;-0.892433105;-0.272653097;0.678942881
2009;I0809;ASY;4;133;0.803466654;-0.213490224;-1.323248168;1.063583403;-0.062614028;-0.260116749;-0.150876196
2009;I0813;ASY;31;138;1.040631925;0.239138363;0.432821436;0.90419814;0.239138363;0.136433785;0
2009;I0825;ASY;31;141;1.040631925;0.239138363;0.432821436;0.90419814;0.239138363;0.136433785;0
2009;I0836;ASY;21;144;0.227129545;-0.666118811;-0.675899992;0.377350155;-0.666118811;-0.15022061;0
2009;I0837;ASY;8;146;1.040631925;-0.666118811;0.311042429;1.002645104;-1.269623594;0.037986821;0.603504783
2009;I0843;SY;15;143;0.696524285;1.144395538;-0.066634594;0.308375396;0.69176695;0.388148888;0.452628587
2009;I0844;SY;14;145;0.696524285;0.69176695;-0.013232825;0.61069275;0.918081244;0.085831535;-0.226314294
2009;I0845;ASY;27;153;0.568851548;-2.47663316;1.280261195;0.599453518;-1.873128377;-0.03060197;-0.603504783
2009;I0846;ASY;2;132;0.728816393;-2.024004573;-1.630830336;0.634009531;-2.174880769;0.094806862;0.150876196
2009;I0850;ASY;17;136;0.783229868;-2.024004573;-0.989585067;0.879965907;-1.571375986;-0.09673604;-0.452628587
2009;I0852;ASY;3;134;0.803466654;-0.666118811;-1.229407266;0.468545089;-0.816995007;0.334921565;0.150876196
2009;I0855;ASY;26;128;0.568851548;1.144395538;1.600838206;0.718036154;1.144395538;-0.149184606;0
2009;I0866;ASY;26;137;0.568851548;1.144395538;1.600838206;0.718036154;1.144395538;-0.149184606;0
2009;I0867;ASY;40;137;-0.315873275;-0.213490224;-1.35792255;-0.618955737;-0.213490224;0.303082461;0
2009;I0868;ASY;9;137;-0.315873275;-0.213490224;-1.435966748;-0.618955737;-0.439804518;0.303082461;0.226314294
2009;I0869;ASY;16;137;0.803466654;-0.666118811;-0.253291196;0.603854574;-0.032438789;0.19961208;-0.633680022
2009;I0871;SY;5;139;-0.071239666;-1.571375986;0.805018189;0.075076005;-0.666118811;-0.146315671;-0.905257175
2009;I0879;ASY;29;131;0.696524285;-2.024004573;0.698831919;0.190234428;-1.345061692;0.506289857;-0.678942881
2009;I0881;ASY;15;136;0.696524285;1.144395538;-0.066634594;0.308375396;0.69176695;0.388148888;0.452628587
2009;I0883;ASY;38;137;0.803466654;0.69176695;0.033534651;0.142848192;0.540890755;0.660618462;0.150876196
2009;I0888;ASY;18;137;0.568851548;-0.666118811;1.96485481;0.285330873;-1.118747399;0.283520675;0.452628587
2009;I0897;ASY;14;129;0.696524285;0.69176695;-0.013232825;0.61069275;0.918081244;0.085831535;-0.226314294
2009;I0898;ASY;14;135;0.696524285;0.69176695;-0.013232825;0.61069275;0.918081244;0.085831535;-0.226314294
2009;I0899;ASY;14;136;0.696524285;0.69176695;-0.013232825;0.61069275;0.918081244;0.085831535;-0.226314294
2009;I0901;ASY;12;136;-0.071239666;0.239138363;-0.16270303;0.075076005;0.239138363;-0.146315671;0
2009;I0902;ASY;22;135;-0.071239666;1.144395538;-0.090364539;-0.560953301;1.031238391;0.489713634;0.113157147
2009;I0904;ASY;23;134;0.227129545;1.144395538;-0.310756202;0.22426061;0.918081244;0.002868935;0.226314294
2009;I0905;ASY;23;137;0.227129545;1.144395538;-0.310756202;-0.032994381;0.872818385;0.260123926;0.271577152
2009;I0908;ASY;36;136;-0.055938681;-0.213490224;-0.251600417;0.571800175;-0.439804518;-0.627738856;0.226314294
2009;I0910;ASY;22;137;-0.071239666;1.144395538;-0.090364539;0.075076005;0.918081244;-0.146315671;0.226314294
2009;I0911;ASY;22;138;-0.071239666;1.144395538;-0.090364539;0.075076005;0.918081244;-0.146315671;0.226314294
2009;I0915;ASY;22;137;-0.071239666;1.144395538;-0.090364539;-0.475975196;0.993519342;0.40473553;0.150876196
2009;I0916;ASY;31;139;1.040631925;0.239138363;0.432821436;1.169801606;0.465452657;-0.129169681;-0.226314294
2009;I0917;ASY;31;138;1.040631925;0.239138363;0.432821436;1.169801606;0.465452657;-0.129169681;-0.226314294
2009;I0919;SY;22;141;-0.071239666;1.144395538;-0.090364539;0.075076005;0.918081244;-0.146315671;0.226314294
2009;I0921;SY;8;147;1.040631925;-0.666118811;0.311042429;1.169801606;-1.79769028;-0.129169681;1.131571468
2009;I0925;SY;1;135;0.728816393;1.144395538;-1.047774692;1.033271224;1.144395538;-0.30445483;0
2009;I0928;ASY;13;138;0.227129545;-0.213490224;-1.258596011;-0.16060328;-0.062614028;0.387732825;-0.150876196
2009;I0932;ASY;5;137;-0.071239666;-1.571375986;0.805018189;0.075076005;-0.666118811;-0.146315671;-0.905257175
2009;I0935;ASY;5;141;-0.071239666;-1.571375986;0.805018189;0.075076005;-0.666118811;-0.146315671;-0.905257175
2009;I0937;ASY;21;144;0.227129545;-0.666118811;-0.675899992;0.145601568;-0.892433105;0.081527977;0.226314294
2009;I0941;ASY;13;137;0.227129545;-0.213490224;-1.258596011;-0.16060328;-0.062614028;0.387732825;-0.150876196
2009;I0942;SY;40;142;-0.315873275;-0.213490224;-1.35792255;-0.618955737;-0.213490224;0.303082461;0
2009;I0943;ASY;15;140;0.696524285;1.144395538;-0.066634594;0.308375396;0.69176695;0.388148888;0.452628587
2009;I0946;ASY;25;144;0.568851548;-2.024004573;1.538569241;0.88419529;-2.47663316;-0.315343742;0.452628587
2009;I0950;SY;25;155;0.568851548;-2.024004573;1.538569241;-0.069964585;-1.571375986;0.638816132;-0.452628587
2009;I0952;ASY;25;151;0.568851548;-2.024004573;1.538569241;0.718036154;-2.47663316;-0.149184606;0.452628587
2009;I1205;ASY;30;133;0.696524285;-0.666118811;0.27044227;-0.023920207;-0.515242616;0.720444492;-0.150876196
2010;I0023;ASY;13;142;0.064073592;-0.213490224;-1.258596011;-0.625406527;-0.552961665;0.689480119;0.33947144
2010;I0332;ASY;39;130;0.524861215;-1.571375986;0.501354333;0.092787702;-0.304015942;0.432073513;-1.267360044
2010;I0372;ASY;11;133;0.221391676;-1.118747399;0.375979066;-0.620030495;0.163700265;0.84142217;-1.282447664
2010;I0446;ASY;4;138;0.918224044;-0.213490224;-1.323248168;0.572885444;-0.032438789;0.3453386;-0.181051435
2010;I0474;ASY;1;137;1.337726054;1.144395538;-1.047774692;0.624886737;1.06895744;0.712839317;0.075438098
2010;I0508;ASY;13;136;0.064073592;-0.213490224;-1.258596011;0.032476671;-0.394541659;0.031596921;0.181051435
2010;I0535;ASY;11;138;0.221391676;-1.118747399;0.375979066;-0.662824633;0.01282407;0.884216308;-1.131571468
2010;I0545;ASY;1;128;1.337726054;1.144395538;-1.047774692;0.353850488;1.015073084;0.983875566;0.129322454
2010;I0558;ASY;20;137;0.524861215;-0.213490224;0.990719367;0.187754945;-0.36436642;0.33710627;0.150876196
2010;I0577;ASY;4;137;0.918224044;-0.213490224;-1.323248168;0.506952108;0.125981216;0.411271936;-0.33947144
2010;I0583;ASY;12;136;0.221391676;0.239138363;-0.16270303;-0.662824633;0.239138363;0.884216308;0
2010;I0585;ASY;24;137;0.867220759;0.69176695;2.278523782;0.024089859;0.69176695;0.843130901;-1.11E-15
2010;I0614;ASY;26;135;0.867220759;1.144395538;1.600838206;-0.05389855;0.872818385;0.921119309;0.271577152
2010;I0619;ASY;31;155;1.298971286;0.69176695;0.432821436;0.592633761;0.465452657;0.706337525;0.226314294
2010;I0622;ASY;37;137;0.918224044;0.239138363;0.033362889;0.15100497;0.239138363;0.767219074;0
2010;I0629;ASY;31;134;1.298971286;0.69176695;0.432821436;0.592633761;0.125981216;0.706337525;0.565785734
2010;I0653;ASY;23;135;0.064073592;1.144395538;-0.310756202;-0.340903834;1.144395538;0.404977425;0
2010;I0655;ASY;27;153;0.867220759;-2.47663316;1.280261195;0.192674907;-1.043309301;0.674545852;-1.43332386
2010;I0667;ASY;38;138;0.918224044;0.69176695;0.033534651;1.063583403;0.540890755;-0.145359359;0.150876196
2010;I0671;ASY;17;131;0.976701947;-1.118747399;-0.989585067;0.656425839;-0.967871203;0.320276108;-0.150876196
2010;I0675;ASY;3;137;0.918224044;-0.666118811;-1.229407266;0.80091649;-1.269623594;0.117307554;0.603504783
2010;I0679;ASY;4;136;0.918224044;-0.213490224;-1.323248168;0.418127202;0.30379959;0.500096841;-0.517289814
2010;I0687;ASY;24;126;0.867220759;0.69176695;2.278523782;0.109821992;0.578609804;0.757398768;0.113157147
2010;I0700;ASY;24;136;0.867220759;0.69176695;2.278523782;-0.05389855;0.69176695;0.921119309;0
2010;I0704;ASY;30;137;0.524861215;-1.118747399;0.27044227;0.42221882;-0.666118811;0.102642395;-0.452628587
2010;I0715;ASY;14;136;0.524861215;1.144395538;-0.013232825;0.718075691;0.804924097;-0.193214476;0.33947144
2010;I0733;ASY;37;139;0.918224044;0.239138363;0.033362889;0.216860884;-0.213490224;0.70136316;0.452628587
2010;I0736;ASY;38;136;0.918224044;0.69176695;0.033534651;1.193641777;0.465452657;-0.275417733;0.226314294
2010;I0745;ASY;40;134;-0.922038198;-0.213490224;-1.35792255;-0.556057978;-0.439804518;-0.36598022;0.226314294
2010;I0756;ASY;13;136;0.064073592;-0.213490224;-1.258596011;-0.06178786;-0.213490224;0.125861452;0
2010;I0757;ASY;13;137;0.064073592;-0.213490224;-1.258596011;0.272924634;-0.213490224;-0.208851042;0
2010;I0762;ASY;15;139;0.524861215;0.69176695;-0.066634594;0.996960363;0.465452657;-0.472099148;0.226314294
2010;I0776;ASY;21;139;0.064073592;-1.118747399;-0.675899992;0.272924634;-0.816995007;-0.208851042;-0.301752392
2010;I0778;ASY;14;134;0.524861215;1.144395538;-0.013232825;-0.023920207;0.69176695;0.548781422;0.452628587
2010;I0791;ASY;30;136;0.524861215;-1.118747399;0.27044227;0.42221882;-0.666118811;0.102642395;-0.452628587
2010;I0809;ASY;4;137;0.918224044;-0.213490224;-1.323248168;1.063583403;-0.062614028;-0.145359359;-0.150876196
2010;I0821;ASY;5;134;0.221391676;0.239138363;0.805018189;0.010046817;0.01282407;0.211344858;0.226314294
2010;I0827;ASY;23;141;0.064073592;1.144395538;-0.310756202;-0.134017212;0.918081244;0.198090803;0.226314294
2010;I0837;ASY;36;137;1.199539032;-0.666118811;-0.251600417;1.002645104;-1.269623594;0.196893928;0.603504783
2010;I0842;ASY;20;137;0.524861215;-0.213490224;0.990719367;-0.384142453;-0.666118811;0.909003668;0.452628587
2010;I0843;ASY;15;139;0.524861215;0.69176695;-0.066634594;0.308375396;0.69176695;0.216485819;-1.22E-15
2010;I0844;ASY;14;136;0.524861215;1.144395538;-0.013232825;0.61069275;0.918081244;-0.085831535;0.226314294
2010;I0845;ASY;27;143;0.867220759;-2.47663316;1.280261195;0.599453518;-1.873128377;0.267767241;-0.603504783
2010;I0846;ASY;2;129;1.337726054;-2.024004573;-1.630830336;0.634009531;-2.174880769;0.703716523;0.150876196
2010;I0850;ASY;17;138;0.976701947;-1.118747399;-0.989585067;0.879965907;-1.571375986;0.09673604;0.452628587
2010;I0852;ASY;3;136;0.918224044;-0.666118811;-1.229407266;0.468545089;-0.816995007;0.449678954;0.150876196
2010;I0855;ASY;26;126;0.867220759;1.144395538;1.600838206;0.718036154;1.144395538;0.149184606;0
2010;I0866;ASY;26;137;0.867220759;1.144395538;1.600838206;0.718036154;1.144395538;0.149184606;0
2010;I0867;ASY;40;138;-0.922038198;-0.213490224;-1.35792255;-0.618955737;-0.213490224;-0.303082461;0
2010;I0868;ASY;9;129;-0.922038198;-0.666118811;-1.435966748;-0.618955737;-0.439804518;-0.303082461;-0.226314294
2010;I0869;ASY;16;136;0.918224044;-0.213490224;-0.253291196;0.603854574;-0.032438789;0.31436947;-0.181051435
2010;I0871;ASY;5;141;0.221391676;0.239138363;0.805018189;0.075076005;-0.666118811;0.146315671;0.905257175
2010;I0881;ASY;15;137;0.524861215;0.69176695;-0.066634594;0.308375396;0.69176695;0.216485819;-1.22E-15
2010;I0883;ASY;38;137;0.918224044;0.69176695;0.033534651;0.142848192;0.540890755;0.775375851;0.150876196
2010;I0888;ASY;18;139;0.867220759;-1.118747399;1.96485481;0.285330873;-1.118747399;0.581889886;1.78E-15
2010;I0897;ASY;14;129;0.524861215;1.144395538;-0.013232825;0.61069275;0.918081244;-0.085831535;0.226314294
2010;I0898;ASY;14;136;0.524861215;1.144395538;-0.013232825;0.61069275;0.918081244;-0.085831535;0.226314294
2010;I0899;ASY;14;128;0.524861215;1.144395538;-0.013232825;0.61069275;0.918081244;-0.085831535;0.226314294
2010;I0901;ASY;12;138;0.221391676;0.239138363;-0.16270303;0.075076005;0.239138363;0.146315671;0
2010;I0902;ASY;22;133;0.221391676;0.69176695;-0.090364539;-0.560953301;1.031238391;0.782344976;-0.33947144
2010;I0904;ASY;22;136;0.221391676;0.69176695;-0.090364539;0.22426061;0.918081244;-0.002868935;-0.226314294
2010;I0905;ASY;23;137;0.064073592;1.144395538;-0.310756202;-0.032994381;0.872818385;0.097067973;0.271577152
2010;I0908;ASY;36;136;1.199539032;-0.666118811;-0.251600417;0.571800175;-0.439804518;0.627738856;-0.226314294
2010;I0910;ASY;22;138;0.221391676;0.69176695;-0.090364539;0.075076005;0.918081244;0.146315671;-0.226314294
2010;I0911;ASY;22;137;0.221391676;0.69176695;-0.090364539;0.075076005;0.918081244;0.146315671;-0.226314294
2010;I0915;ASY;22;136;0.221391676;0.69176695;-0.090364539;-0.475975196;0.993519342;0.697366872;-0.301752392
2010;I0916;ASY;31;137;1.298971286;0.69176695;0.432821436;1.169801606;0.465452657;0.129169681;0.226314294
2010;I0917;ASY;31;137;1.298971286;0.69176695;0.432821436;1.169801606;0.465452657;0.129169681;0.226314294
2010;I0919;ASY;22;136;0.221391676;0.69176695;-0.090364539;0.075076005;0.918081244;0.146315671;-0.226314294
2010;I0921;ASY;8;138;1.298971286;-2.929261748;0.311042429;1.169801606;-1.79769028;0.129169681;-1.131571468
2010;I0925;ASY;1;138;1.337726054;1.144395538;-1.047774692;1.033271224;1.144395538;0.30445483;0
2010;I0928;ASY;13;137;0.064073592;-0.213490224;-1.258596011;-0.16060328;-0.062614028;0.224676872;-0.150876196
2010;I0932;ASY;5;138;0.221391676;0.239138363;0.805018189;0.075076005;-0.666118811;0.146315671;0.905257175
2010;I0935;ASY;5;141;0.221391676;0.239138363;0.805018189;0.075076005;-0.666118811;0.146315671;0.905257175
2010;I0937;ASY;21;139;0.064073592;-1.118747399;-0.675899992;0.145601568;-0.892433105;-0.081527977;-0.226314294
2010;I0941;ASY;13;137;0.064073592;-0.213490224;-1.258596011;-0.16060328;-0.062614028;0.224676872;-0.150876196
2010;I0942;ASY;40;140;-0.922038198;-0.213490224;-1.35792255;-0.618955737;-0.213490224;-0.303082461;0
2010;I0943;ASY;15;135;0.524861215;0.69176695;-0.066634594;0.308375396;0.69176695;0.216485819;-1.22E-15
2010;I0946;ASY;28;144;1.199539032;-2.929261748;0.543215867;0.88419529;-2.47663316;0.315343742;-0.452628587
2010;I0952;ASY;25;136;0.867220759;-2.929261748;1.538569241;0.718036154;-2.47663316;0.149184606;-0.452628587
2010;I0955;ASY;23;133;0.064073592;1.144395538;-0.310756202;0.577615322;1.144395538;-0.513541731;0
2010;I0956;ASY;23;137;0.064073592;1.144395538;-0.310756202;-0.757002003;1.144395538;0.821075595;0
2010;I0962;ASY;23;137;0.064073592;1.144395538;-0.310756202;-0.098025363;0.804924097;0.162098954;0.33947144
2010;I0963;ASY;23;139;0.064073592;1.144395538;-0.310756202;-0.354469693;0.918081244;0.418543285;0.226314294
2010;I0964;ASY;22;137;0.221391676;0.69176695;-0.090364539;-0.678342961;0.918081244;0.899734637;-0.226314294
2010;I0966;ASY;14;137;0.524861215;1.144395538;-0.013232825;0.211338174;0.69176695;0.313523041;0.452628587
2010;I0972;ASY;12;145;0.221391676;0.239138363;-0.16270303;-0.724191179;-0.062614028;0.945582854;0.301752392
2010;I0975;SY;23;145;0.064073592;1.144395538;-0.310756202;-0.354546537;0.842643146;0.418620129;0.301752392
2010;I0976;SY;23;139;0.064073592;1.144395538;-0.310756202;-0.77663054;1.144395538;0.840704131;0
2010;I0977;SY;12;139;0.221391676;0.239138363;-0.16270303;-0.724191179;0.842643146;0.945582854;-0.603504783
2010;I0980;ASY;31;144;1.298971286;0.69176695;0.432821436;0.578529359;-0.213490224;0.720441927;0.905257175
2010;I0981;ASY;16;138;0.918224044;-0.213490224;-0.253291196;0.301084307;-0.213490224;0.617139737;0
2010;I1012;ASY;11;137;0.221391676;-1.118747399;0.375979066;-0.678342961;-1.345061692;0.899734637;0.226314294
2010;I1014;ASY;18;137;0.867220759;-1.118747399;1.96485481;0.079220021;-1.118747399;0.788000738;0
2010;I1015;ASY;24;136;0.867220759;0.69176695;2.278523782;0.079220021;0.918081244;0.788000738;-0.226314294
2010;I1021;SY;9;138;-0.922038198;-0.666118811;-1.435966748;-1.068895779;-0.439804518;0.146857581;-0.226314294
2010;I1028;ASY;29;141;0.524861215;-2.024004573;0.698831919;-0.384142453;-1.345061692;0.909003668;-0.678942881
2010;I1032;SY;37;136;0.918224044;0.239138363;0.033362889;0.301084307;0.01282407;0.617139737;0.226314294
2010;I1035;SY;24;144;0.867220759;0.69176695;2.278523782;0.190823981;0.993519342;0.676396778;-0.301752392
2010;I1037;SY;11;146;0.221391676;-1.118747399;0.375979066;-0.678342961;-1.345061692;0.899734637;0.226314294
2010;I1038;SY;7;148;1.337726054;-2.929261748;-1.600042061;0.566024472;-2.47663316;0.771701583;-0.452628587
2010;I1043;ASY;5;129;0.221391676;0.239138363;0.805018189;-0.678342961;0.01282407;0.899734637;0.226314294
2010;I1044;ASY;1;129;1.337726054;1.144395538;-1.047774692;0.967847391;1.144395538;0.369878663;0
2010;I1047;SY;15;135;0.524861215;0.69176695;-0.066634594;0.104402893;0.239138363;0.420458323;0.452628587
2010;I1048;ASY;17;135;0.976701947;-1.118747399;-0.989585067;0.394270558;-1.118747399;0.582431389;0
2010;I1051;ASY;1;135;1.337726054;1.144395538;-1.047774692;0.022289967;0.69176695;1.315436088;0.452628587
2010;I1057;ASY;30;139;0.524861215;-1.118747399;0.27044227;-0.384142453;-0.439804518;0.909003668;-0.678942881
2010;I1058;ASY;30;137;0.524861215;-1.118747399;0.27044227;0.104402893;-0.892433105;0.420458323;-0.226314294
2010;I1059;SY;4;140;0.918224044;-0.213490224;-1.323248168;0.216860884;0.239138363;0.70136316;-0.452628587
2010;I1060;ASY;9;140;-0.922038198;-0.666118811;-1.435966748;-1.068895779;-0.439804518;0.146857581;-0.226314294
2010;I1067;ASY;37;144;0.918224044;0.239138363;0.033362889;0.301084307;0.01282407;0.617139737;0.226314294
2010;I1069;ASY;24;132;0.867220759;0.69176695;2.278523782;0.079220021;0.918081244;0.788000738;-0.226314294
2010;I1074;SY;39;142;0.524861215;-1.571375986;0.501354333;-0.384142453;-1.345061692;0.909003668;-0.226314294
2010;I1075;SY;33;146;1.298971286;-2.47663316;0.310478836;0.578529359;-1.722252182;0.720441927;-0.754380979
2010;I1079;ASY;24;140;0.867220759;0.69176695;2.278523782;0.079220021;0.918081244;0.788000738;-0.226314294
2010;I1084;ASY;35;144;0.918224044;-2.47663316;-0.598210052;0.711120486;-1.269623594;0.207103557;-1.207009566
2010;I1087;ASY;26;139;0.867220759;1.144395538;1.600838206;0.538208446;1.031238391;0.329012314;0.113157147
2010;I1144;ASY;3;164;0.918224044;-0.666118811;-1.229407266;0.216860884;-0.816995007;0.70136316;0.150876196
2010;I1205;ASY;30;136;0.524861215;-1.118747399;0.27044227;-0.023920207;-0.515242616;0.548781422;-0.603504783
2011;I0256;ASY;39;137;-1.293146121;-1.118747399;0.501354333;-0.564192275;-0.288928322;-0.728953846;-0.829819077
2011;I0474;ASY;1;144;-0.164513854;1.144395538;-1.047774692;0.624886737;1.06895744;-0.789400592;0.075438098
2011;I0508;ASY;13;150;-0.773012977;0.239138363;-1.258596011;0.032476671;-0.394541659;-0.805489648;0.633680022
2011;I0545;ASY;1;134;-0.164513854;1.144395538;-1.047774692;0.353850488;1.015073084;-0.518364343;0.129322454
2011;I0585;ASY;24;143;-0.708780717;1.144395538;2.278523782;0.024089859;0.69176695;-0.732870576;0.452628587
2011;I0614;ASY;26;144;-0.708780717;-0.213490224;1.600838206;-0.05389855;0.872818385;-0.654882167;-1.086308609
2011;I0643;ASY;39;142;-1.293146121;-1.118747399;0.501354333;-1.662115472;-1.118747399;0.368969351;0
2011;I0655;ASY;27;143;-0.708780717;-1.118747399;1.280261195;0.192674907;-1.043309301;-0.901455624;-0.075438098
2011;I0659;ASY;40;144;-1.21575336;-0.213490224;-1.35792255;-1.954517039;0.01282407;0.738763679;-0.226314294
2011;I0661;ASY;30;137;-1.293146121;0.239138363;0.27044227;-0.19621018;-0.36436642;-1.096935941;0.603504783
2011;I0671;ASY;17;144;-0.188160831;-1.118747399;-0.989585067;0.656425839;-0.967871203;-0.84458667;-0.150876196
2011;I0679;ASY;4;134;-0.31605543;0.69176695;-1.323248168;0.418127202;0.30379959;-0.734182632;0.387967361
2011;I0700;ASY;24;143;-0.708780717;1.144395538;2.278523782;-0.05389855;0.69176695;-0.654882167;0.452628587
2011;I0733;ASY;37;143;-0.31605543;-0.213490224;0.033362889;0.216860884;-0.213490224;-0.532916314;0
2011;I0745;ASY;40;144;-1.21575336;-0.213490224;-1.35792255;-0.556057978;-0.439804518;-0.659695381;0.226314294
2011;I0756;ASY;13;134;-0.773012977;0.239138363;-1.258596011;-0.06178786;-0.213490224;-0.711225117;0.452628587
2011;I0778;ASY;14;134;-1.293146121;0.239138363;-0.013232825;-0.023920207;0.69176695;-1.269225914;-0.452628587
2011;I0817;ASY;5;142;-1.578077598;-0.213490224;0.805018189;-0.88968782;-0.213490224;-0.688389779;0
2011;I0827;ASY;23;144;-0.773012977;0.69176695;-0.310756202;-0.134017212;0.918081244;-0.638995766;-0.226314294
2011;I0842;ASY;39;136;-1.293146121;-1.118747399;0.501354333;-0.384142453;-0.666118811;-0.909003668;-0.452628587
2011;I0843;ASY;15;143;-1.293146121;0.69176695;-0.066634594;0.308375396;0.69176695;-1.601521517;-1.22E-15
2011;I0846;ASY;2;133;-0.164513854;-2.47663316;-1.630830336;0.634009531;-2.174880769;-0.798523386;-0.301752392
2011;I0852;ASY;3;136;-0.31605543;-1.118747399;-1.229407266;0.468545089;-0.816995007;-0.784600519;-0.301752392
2011;I0869;ASY;16;146;-0.31605543;-0.213490224;-0.253291196;0.603854574;-0.032438789;-0.919910004;-0.181051435
2011;I0879;ASY;38;134;-0.31605543;-0.666118811;0.033534651;0.190234428;-1.345061692;-0.506289857;0.678942881
2011;I0881;ASY;15;141;-1.293146121;0.69176695;-0.066634594;0.308375396;0.69176695;-1.601521517;-1.22E-15
2011;I0883;ASY;30;142;-1.293146121;0.239138363;0.27044227;0.142848192;0.540890755;-1.435994313;-0.301752392
2011;I0888;ASY;18;145;-0.708780717;-1.118747399;1.96485481;0.285330873;-1.118747399;-0.99411159;1.78E-15
2011;I0902;ASY;22;142;-1.578077598;1.144395538;-0.090364539;-0.560953301;1.031238391;-1.017124298;0.113157147
2011;I0905;ASY;23;143;-0.773012977;0.69176695;-0.310756202;-0.032994381;0.872818385;-0.740018596;-0.181051435
2011;I0915;ASY;22;143;-1.578077598;1.144395538;-0.090364539;-0.475975196;0.993519342;-1.102102402;0.150876196
2011;I0928;ASY;13;142;-0.773012977;0.239138363;-1.258596011;-0.16060328;-0.062614028;-0.612409697;0.301752392
2011;I0941;ASY;13;136;-0.773012977;0.239138363;-1.258596011;-0.16060328;-0.062614028;-0.612409697;0.301752392
2011;I0943;ASY;15;135;-1.293146121;0.69176695;-0.066634594;0.308375396;0.69176695;-1.601521517;-1.22E-15
2011;I0950;ASY;27;144;-0.708780717;-1.118747399;1.280261195;-0.069964585;-1.571375986;-0.638816132;0.452628587
2011;I0956;ASY;22;142;-1.578077598;1.144395538;-0.090364539;-0.757002003;1.144395538;-0.821075595;0
2011;I0962;ASY;23;136;-0.773012977;0.69176695;-0.310756202;-0.098025363;0.804924097;-0.674987615;-0.113157147
2011;I0963;ASY;23;142;-0.773012977;0.69176695;-0.310756202;-0.354469693;0.918081244;-0.418543285;-0.226314294
2011;I0964;ASY;22;143;-1.578077598;1.144395538;-0.090364539;-0.678342961;0.918081244;-0.899734637;0.226314294
2011;I0966;ASY;15;142;-1.293146121;0.69176695;-0.066634594;0.211338174;0.69176695;-1.504484295;-1.55E-15
2011;I0972;ASY;12;144;-1.578077598;-0.666118811;-0.16270303;-0.724191179;-0.062614028;-0.85388642;-0.603504783
2011;I0975;ASY;23;143;-0.773012977;0.69176695;-0.310756202;-0.354546537;0.842643146;-0.41846644;-0.150876196
2011;I0976;ASY;22;143;-1.578077598;1.144395538;-0.090364539;-0.77663054;1.144395538;-0.801447059;0
2011;I0977;ASY;22;142;-1.578077598;1.144395538;-0.090364539;-0.724191179;0.842643146;-0.85388642;0.301752392
2011;I0980;ASY;31;144;-0.093663524;-0.213490224;0.432821436;0.578529359;-0.213490224;-0.672192883;-1.03E-15
2011;I0981;ASY;16;144;-0.31605543;-0.213490224;-0.253291196;0.301084307;-0.213490224;-0.617139737;0
2011;I0997;ASY;4;141;-0.31605543;0.69176695;-1.323248168;0.299693995;0.540890755;-0.615749425;0.150876196
2011;I1003;ASY;1;142;-0.164513854;1.144395538;-1.047774692;0.180173681;1.144395538;-0.344687535;0
2011;I1006;ASY;35;143;-0.31605543;-1.118747399;-0.598210052;0.299693995;-0.816995007;-0.615749425;-0.301752392
2011;I1007;ASY;35;143;-0.31605543;-1.118747399;-0.598210052;-0.133820696;-1.118747399;-0.182234734;0
2011;I1012;ASY;11;149;-1.578077598;-1.571375986;0.375979066;-0.678342961;-1.345061692;-0.899734637;-0.226314294
2011;I1014;ASY;18;144;-0.708780717;-1.118747399;1.96485481;0.079220021;-1.118747399;-0.788000738;0
2011;I1015;ASY;24;144;-0.708780717;1.144395538;2.278523782;0.079220021;0.918081244;-0.788000738;0.226314294
2011;I1021;ASY;9;139;-1.21575336;-0.213490224;-1.435966748;-1.068895779;-0.439804518;-0.146857581;0.226314294
2011;I1028;ASY;20;149;-1.293146121;-0.666118811;0.990719367;-0.384142453;-1.345061692;-0.909003668;0.678942881
2011;I1032;ASY;16;133;-0.31605543;-0.213490224;-0.253291196;0.301084307;0.01282407;-0.617139737;-0.226314294
2011;I1035;ASY;24;147;-0.708780717;1.144395538;2.278523782;0.190823981;0.993519342;-0.899604698;0.150876196
2011;I1037;ASY;11;144;-1.578077598;-1.571375986;0.375979066;-0.678342961;-1.345061692;-0.899734637;-0.226314294
2011;I1038;ASY;7;144;-0.164513854;-2.024004573;-1.600042061;0.566024472;-2.47663316;-0.730538326;0.452628587
2011;I1043;ASY;5;135;-1.578077598;-0.213490224;0.805018189;-0.678342961;0.01282407;-0.899734637;-0.226314294
2011;I1044;ASY;1;133;-0.164513854;1.144395538;-1.047774692;0.967847391;1.144395538;-1.132361246;0
2011;I1047;ASY;16;148;-0.31605543;-0.213490224;-0.253291196;0.104402893;0.239138363;-0.420458323;-0.452628587
2011;I1048;ASY;17;142;-0.188160831;-1.118747399;-0.989585067;0.394270558;-1.118747399;-0.582431389;0
2011;I1051;ASY;30;133;-1.293146121;0.239138363;0.27044227;0.022289967;0.69176695;-1.315436088;-0.452628587
2011;I1057;ASY;30;143;-1.293146121;0.239138363;0.27044227;-0.384142453;-0.439804518;-0.909003668;0.678942881
2011;I1058;ASY;38;139;-0.31605543;-0.666118811;0.033534651;0.104402893;-0.892433105;-0.420458323;0.226314294
2011;I1059;ASY;4;142;-0.31605543;0.69176695;-1.323248168;0.216860884;0.239138363;-0.532916314;0.452628587
2011;I1060;ASY;40;139;-1.21575336;-0.213490224;-1.35792255;-1.068895779;-0.439804518;-0.146857581;0.226314294
2011;I1067;ASY;37;142;-0.31605543;-0.213490224;0.033362889;0.301084307;0.01282407;-0.617139737;-0.226314294
2011;I1069;ASY;24;142;-0.708780717;1.144395538;2.278523782;0.079220021;0.918081244;-0.788000738;0.226314294
2011;I1074;ASY;39;143;-1.293146121;-1.118747399;0.501354333;-0.384142453;-1.345061692;-0.909003668;0.226314294
2011;I1075;ASY;33;145;-0.093663524;-1.571375986;0.310478836;0.578529359;-1.722252182;-0.672192883;0.150876196
2011;I1079;ASY;24;148;-0.708780717;1.144395538;2.278523782;0.079220021;0.918081244;-0.788000738;0.226314294
2011;I1087;ASY;24;144;-0.708780717;1.144395538;2.278523782;0.538208446;1.031238391;-1.246989163;0.113157147
2011;I1089;ASY;4;143;-0.31605543;0.69176695;-1.323248168;-0.529631682;-0.892433105;0.213576252;1.584200055
2011;I1091;ASY;15;143;-1.293146121;0.69176695;-0.066634594;0.156250092;0.918081244;-1.449396213;-0.226314294
2011;I1092;SY;15;144;-1.293146121;0.69176695;-0.066634594;-0.642577412;0.239138363;-0.650568709;0.452628587
2011;I1096;SY;12;163;-1.578077598;-0.666118811;-0.16270303;-1.196982606;-0.213490224;-0.381094993;-0.452628587
2011;I1097;SY;32;160;-0.188160831;-2.024004573;-0.402294424;0.446272551;-2.024004573;-0.634433383;0
2011;I1103;SY;20;152;-1.293146121;-0.666118811;0.990719367;-0.642577412;-1.118747399;-0.650568709;0.452628587
2011;I1120;ASY;28;142;-0.093663524;-2.024004573;0.543215867;0.889801223;-1.571375986;-0.983464747;-0.452628587
2011;I1125;ASY;13;136;-0.773012977;0.239138363;-1.258596011;-0.563856602;-0.213490224;-0.209156376;0.452628587
2011;I1132;ASY;24;143;-0.708780717;1.144395538;2.278523782;-0.147374408;1.144395538;-0.561406309;0
2011;I1141;SY;33;167;-0.093663524;-1.571375986;0.310478836;0.218308395;-1.345061692;-0.311971919;-0.226314294
2011;I1143;ASY;37;148;-0.31605543;-0.213490224;0.033362889;-0.133820696;-0.439804518;-0.182234734;0.226314294
2011;I1144;ASY;3;138;-0.31605543;-1.118747399;-1.229407266;0.216860884;-0.816995007;-0.532916314;-0.301752392
2011;I1150;ASY;15;149;-1.293146121;0.69176695;-0.066634594;-0.622366041;0.69176695;-0.670780079;0
2011;I1153;ASY;40;154;-1.21575336;-0.213490224;-1.35792255;-0.979480647;-1.571375986;-0.236272713;1.357885762
2011;I1170;ASY;4;134;-0.31605543;0.69176695;-1.323248168;-0.133820696;0.465452657;-0.182234734;0.226314294
2011;I1172;ASY;14;137;-1.293146121;0.239138363;-0.013232825;-0.642577412;0.465452657;-0.650568709;-0.226314294
2011;I1180;ASY;1;136;-0.164513854;1.144395538;-1.047774692;0.844554503;1.144395538;-1.009068358;0
2011;I1182;ASY;5;142;-1.578077598;-0.213490224;0.805018189;-0.434269386;-0.666118811;-1.143808212;0.452628587
2011;I1187;SY;27;151;-0.708780717;-1.118747399;1.280261195;0.428537675;-0.967871203;-1.137318392;-0.150876196
2011;I1189;ASY;39;155;-1.293146121;-1.118747399;0.501354333;-0.642577412;-1.345061692;-0.650568709;0.226314294
2011;I1193;ASY;3;136;-0.31605543;-1.118747399;-1.229407266;-0.133820696;-0.892433105;-0.182234734;-0.226314294
2011;I1205;ASY;30;136;-1.293146121;0.239138363;0.27044227;-0.023920207;-0.515242616;-1.269225914;0.754380979
2012;I0474;ASY;1;141;0.524861215;1.144395538;-1.047774692;0.624886737;1.06895744;-0.100025522;0.075438098
2012;I0545;ASY;1;132;0.524861215;1.144395538;-1.047774692;0.353850488;1.015073084;0.171010727;0.129322454
2012;I0585;ASY;24;139;0.414031902;1.144395538;2.278523782;0.024089859;0.69176695;0.389942043;0.452628587
2012;I0655;ASY;27;135;0.414031902;-0.213490224;1.280261195;0.192674907;-1.043309301;0.221356995;0.829819077
2012;I0661;ASY;30;134;0.007991297;-0.666118811;0.27044227;-0.19621018;-0.36436642;0.204201477;-0.301752392
2012;I0679;ASY;4;133;0.048414038;0.239138363;-1.323248168;0.418127202;0.30379959;-0.369713165;-0.064661227
2012;I0733;ASY;37;138;0.048414038;-0.666118811;0.033362889;0.216860884;-0.213490224;-0.168446846;-0.452628587
2012;I0756;ASY;13;136;-0.354700226;-0.666118811;-1.258596011;-0.06178786;-0.213490224;-0.292912365;-0.452628587
2012;I0827;ASY;23;140;-0.354700226;0.69176695;-0.310756202;-0.134017212;0.918081244;-0.220683014;-0.226314294
2012;I0843;ASY;15;138;0.007991297;-0.213490224;-0.066634594;0.308375396;0.69176695;-0.3003841;-0.905257175
2012;I0869;ASY;15;137;0.007991297;-0.213490224;-0.066634594;0.603854574;-0.032438789;-0.595863277;-0.181051435
2012;I0881;ASY;15;134;0.007991297;-0.213490224;-0.066634594;0.308375396;0.69176695;-0.3003841;-0.905257175
2012;I0888;ASY;18;139;0.414031902;-1.571375986;1.96485481;0.285330873;-1.118747399;0.128701029;-0.452628587
2012;I0902;ASY;22;138;-0.815887613;1.144395538;-0.090364539;-0.560953301;1.031238391;-0.254934312;0.113157147
2012;I0905;ASY;23;138;-0.354700226;0.69176695;-0.310756202;-0.032994381;0.872818385;-0.321705844;-0.181051435
2012;I0943;ASY;15;133;0.007991297;-0.213490224;-0.066634594;0.308375396;0.69176695;-0.3003841;-0.905257175
2012;I0962;ASY;23;137;-0.354700226;0.69176695;-0.310756202;-0.098025363;0.804924097;-0.256674863;-0.113157147
2012;I0966;ASY;15;135;0.007991297;-0.213490224;-0.066634594;0.211338174;0.69176695;-0.203346877;-0.905257175
2012;I0972;ASY;12;140;-0.815887613;0.239138363;-0.16270303;-0.724191179;-0.062614028;-0.091696434;0.301752392
2012;I0975;ASY;23;137;-0.354700226;0.69176695;-0.310756202;-0.354546537;0.842643146;-0.000153689;-0.150876196
2012;I0976;ASY;22;138;-0.815887613;1.144395538;-0.090364539;-0.77663054;1.144395538;-0.039257073;0
2012;I0977;ASY;22;137;-0.815887613;1.144395538;-0.090364539;-0.724191179;0.842643146;-0.091696434;0.301752392
2012;I0980;ASY;31;139;0.530280314;-1.118747399;0.432821436;0.578529359;-0.213490224;-0.048249044;-0.905257175
2012;I0982;ASY;18;137;0.414031902;-1.571375986;1.96485481;0.99719687;-1.118747399;-0.583164969;-0.452628587
2012;I0985;ASY;30;135;0.007991297;-0.666118811;0.27044227;0.806818801;-1.345061692;-0.798827504;0.678942881
2012;I0987;SY;35;138;0.048414038;-1.118747399;-0.598210052;0.607568708;-0.666118811;-0.55915467;-0.452628587
2012;I0994;ASY;17;139;1.080705934;-1.571375986;-0.989585067;1.641389134;-1.345061692;-0.560683199;-0.226314294
2012;I0997;ASY;4;137;0.048414038;0.239138363;-1.323248168;0.299693995;0.540890755;-0.251279957;-0.301752392
2012;I1003;ASY;1;138;0.524861215;1.144395538;-1.047774692;0.180173681;1.144395538;0.344687535;0
2012;I1006;ASY;35;134;0.048414038;-1.118747399;-0.598210052;0.299693995;-0.816995007;-0.251279957;-0.301752392
2012;I1007;ASY;35;134;0.048414038;-1.118747399;-0.598210052;-0.133820696;-1.118747399;0.182234734;0
2012;I1035;ASY;24;137;0.414031902;1.144395538;2.278523782;0.190823981;0.993519342;0.22320792;0.150876196
2012;I1038;ASY;7;144;0.524861215;-2.47663316;-1.600042061;0.566024472;-2.47663316;-0.041163256;0
2012;I1044;ASY;1;130;0.524861215;1.144395538;-1.047774692;0.967847391;1.144395538;-0.442986176;0
2012;I1059;ASY;4;137;0.048414038;0.239138363;-1.323248168;0.216860884;0.239138363;-0.168446846;0
2012;I1075;ASY;33;144;0.530280314;-1.118747399;0.310478836;0.578529359;-1.722252182;-0.048249044;0.603504783
2012;I1084;ASY;35;136;0.048414038;-1.118747399;-0.598210052;0.711120486;-1.269623594;-0.662706449;0.150876196
2012;I1087;ASY;24;141;0.414031902;1.144395538;2.278523782;0.538208446;1.031238391;-0.124176544;0.113157147
2012;I1089;ASY;40;140;-0.743207933;-2.47663316;-1.35792255;-0.529631682;-0.892433105;-0.213576252;-1.584200055
2012;I1092;ASY;15;136;0.007991297;-0.213490224;-0.066634594;-0.642577412;0.239138363;0.650568709;-0.452628587
2012;I1096;ASY;12;140;-0.815887613;0.239138363;-0.16270303;-1.196982606;-0.213490224;0.381094993;0.452628587
2012;I1097;ASY;32;138;1.080705934;-2.024004573;-0.402294424;0.446272551;-2.024004573;0.634433383;0
2012;I1103;ASY;20;140;0.007991297;-1.571375986;0.990719367;-0.642577412;-1.118747399;0.650568709;-0.452628587
2012;I1120;ASY;28;133;0.563287553;-1.571375986;0.543215867;0.889801223;-1.571375986;-0.326513669;-3.55E-15
2012;I1125;ASY;13;137;-0.354700226;-0.666118811;-1.258596011;-0.563856602;-0.213490224;0.209156376;-0.452628587
2012;I1132;ASY;24;139;0.414031902;1.144395538;2.278523782;-0.147374408;1.144395538;0.561406309;0
2012;I1141;ASY;33;141;0.530280314;-1.118747399;0.310478836;0.218308395;-1.345061692;0.311971919;0.226314294
2012;I1142;SY;20;143;0.007991297;-1.571375986;0.990719367;0.806818801;-1.345061692;-0.798827504;-0.226314294
2012;I1143;ASY;37;137;0.048414038;-0.666118811;0.033362889;-0.133820696;-0.439804518;0.182234734;-0.226314294
2012;I1144;ASY;3;138;0.048414038;-0.666118811;-1.229407266;0.216860884;-0.816995007;-0.168446846;0.150876196
2012;I1150;ASY;38;162;0.048414038;0.69176695;0.033534651;-0.622366041;0.69176695;0.670780079;0
2012;I1153;ASY;9;143;-0.743207933;-2.929261748;-1.435966748;-0.979480647;-1.571375986;0.236272713;-1.357885762
2012;I1160;ASY;38;138;0.048414038;0.69176695;0.033534651;0.607568708;0.69176695;-0.55915467;0
2012;I1162;ASY;5;138;-0.815887613;-0.666118811;0.805018189;0.13763472;-1.118747399;-0.953522333;0.452628587
2012;I1163;ASY;17;139;1.080705934;-1.571375986;-0.989585067;1.641389134;-1.345061692;-0.560683199;-0.226314294
2012;I1168;ASY;37;140;0.048414038;-0.666118811;0.033362889;1.124096838;-0.666118811;-1.0756828;0
2012;I1170;ASY;4;132;0.048414038;0.239138363;-1.323248168;-0.133820696;0.465452657;0.182234734;-0.226314294
2012;I1172;ASY;14;133;0.007991297;0.69176695;-0.013232825;-0.642577412;0.465452657;0.650568709;0.226314294
2012;I1180;ASY;1;133;0.524861215;1.144395538;-1.047774692;0.844554503;1.144395538;-0.319693288;0
2012;I1182;ASY;5;137;-0.815887613;-0.666118811;0.805018189;-0.434269386;-0.666118811;-0.381618227;-9.99E-16
2012;I1187;ASY;27;154;0.414031902;-0.213490224;1.280261195;0.428537675;-0.967871203;-0.014505773;0.754380979
2012;I1189;ASY;39;138;0.007991297;-1.571375986;0.501354333;-0.642577412;-1.345061692;0.650568709;-0.226314294
2012;I1193;ASY;3;140;0.048414038;-0.666118811;-1.229407266;-0.133820696;-0.892433105;0.182234734;0.226314294
2012;I1202;ASY;33;143;0.530280314;-1.118747399;0.310478836;1.048625337;-1.345061692;-0.518345023;0.226314294
2012;I1211;ASY;1;138;0.524861215;1.144395538;-1.047774692;1.349088682;1.144395538;-0.824227467;0
2012;I1214;SY;3;144;0.048414038;-0.666118811;-1.229407266;0.607568708;-0.666118811;-0.55915467;0
2012;I1221;SY;35;141;0.048414038;-1.118747399;-0.598210052;0.607568708;-0.666118811;-0.55915467;-0.452628587
2012;I1222;SY;19;142;0.563287553;-2.47663316;-0.151356026;1.381533596;-2.250318867;-0.818246042;-0.226314294
2012;I1223;SY;1;142;0.524861215;1.144395538;-1.047774692;1.349088682;1.144395538;-0.824227467;0
2012;I1227;ASY;16;134;0.048414038;-0.666118811;-0.253291196;0.607568708;-0.666118811;-0.55915467;0
2012;I1233;ASY;40;138;-0.743207933;-2.47663316;-1.35792255;-0.317808668;-2.47663316;-0.425399266;0
2012;I1235;SY;4;139;0.048414038;0.239138363;-1.323248168;0.607568708;0.465452657;-0.55915467;-0.226314294
2012;I1236;SY;1;139;0.524861215;1.144395538;-1.047774692;1.349088682;1.144395538;-0.824227467;0
2012;I1242;SY;37;150;0.048414038;-0.666118811;0.033362889;0.607568708;0.01282407;-0.55915467;-0.678942881
2012;I1244;ASY;21;155;-0.354700226;-1.571375986;-0.675899992;0.158418967;-1.345061692;-0.513119193;-0.226314294
2012;I1279;ASY;22;143;-0.815887613;1.144395538;-0.090364539;0.13763472;1.144395538;-0.953522333;0
2012;I1282;SY;12;139;-0.815887613;0.239138363;-0.16270303;0.13763472;-0.213490224;-0.953522333;0.452628587
2012;I1283;ASY;23;141;-0.354700226;0.69176695;-0.310756202;0.368228414;0.918081244;-0.72292864;-0.226314294
2012;I1284;ASY;23;140;-0.354700226;0.69176695;-0.310756202;0.158418967;0.69176695;-0.513119193;0
2012;I1286;SY;36;140;0.563287553;-1.118747399;-0.251600417;1.381533596;-0.892433105;-0.818246042;-0.226314294
2012;I1287;ASY;36;143;0.563287553;-1.118747399;-0.251600417;1.382679943;-1.118747399;-0.81939239;0
2012;I1291;ASY;22;138;-0.815887613;1.144395538;-0.090364539;0.13763472;1.144395538;-0.953522333;0
2012;I1292;ASY;22;138;-0.815887613;1.144395538;-0.090364539;0.13763472;1.144395538;-0.953522333;0
2012;I1309;ASY;14;134;0.007991297;0.69176695;-0.013232825;0.806818801;0.69176695;-0.798827504;0
2012;I1310;ASY;28;130;0.563287553;-1.571375986;0.543215867;1.381533596;-1.345061692;-0.818246042;-0.226314294
2012;I1311;ASY;33;154;0.530280314;-1.118747399;0.310478836;1.048625337;-0.892433105;-0.518345023;-0.226314294
2012;I1326;ASY;1;140;0.524861215;1.144395538;-1.047774692;1.349088682;1.144395538;-0.824227467;0
2012;I1327;ASY;3;140;0.048414038;-0.666118811;-1.229407266;0.607568708;-0.666118811;-0.55915467;0
2012;I1331;ASY;18;139;0.414031902;-1.571375986;1.96485481;0.99719687;-1.118747399;-0.583164969;-0.452628587
2012;I1332;ASY;18;138;0.414031902;-1.571375986;1.96485481;0.99719687;-1.118747399;-0.583164969;-0.452628587
2012;I1333;ASY;1;135;0.524861215;1.144395538;-1.047774692;1.349088682;1.144395538;-0.824227467;0
2013;I0655;ASY;27;131;1.580361839;-1.571375986;1.280261195;0.192674907;-1.043309301;1.387686932;-0.528066685
2013;I0679;ASY;4;129;1.166723377;0.69176695;-1.323248168;0.418127202;0.30379959;0.748596175;0.387967361
2013;I0715;ASY;14;128;1.605646305;0.69176695;-0.013232825;0.718075691;0.804924097;0.887570614;-0.113157147
2013;I0843;ASY;15;130;1.605646305;1.144395538;-0.066634594;0.308375396;0.69176695;1.297270909;0.452628587
2013;I0869;ASY;15;129;1.605646305;1.144395538;-0.066634594;0.603854574;-0.032438789;1.001791731;1.176834327
2013;I0881;ASY;15;130;1.605646305;1.144395538;-0.066634594;0.308375396;0.69176695;1.297270909;0.452628587
2013;I0905;ASY;23;132;0.67153816;0.69176695;-0.310756202;-0.032994381;0.872818385;0.704532541;-0.181051435
2013;I0943;ASY;15;127;1.605646305;1.144395538;-0.066634594;0.308375396;0.69176695;1.297270909;0.452628587
2013;I0955;ASY;22;132;1.091157053;1.144395538;-0.090364539;0.577615322;1.144395538;0.513541731;0
2013;I0962;ASY;23;131;0.67153816;0.69176695;-0.310756202;-0.098025363;0.804924097;0.769563523;-0.113157147
2013;I0966;ASY;15;130;1.605646305;1.144395538;-0.066634594;0.211338174;0.69176695;1.394308131;0.452628587
2013;I0982;ASY;18;131;1.580361839;-0.666118811;1.96485481;0.99719687;-1.118747399;0.583164969;0.452628587
2013;I0985;ASY;39;153;1.605646305;-2.024004573;0.501354333;0.806818801;-1.345061692;0.798827504;-0.678942881
2013;I0987;ASY;35;129;1.166723377;-0.213490224;-0.598210052;0.607568708;-0.666118811;0.55915467;0.452628587
2013;I0994;ASY;17;132;2.202072333;-1.118747399;-0.989585067;1.641389134;-1.345061692;0.560683199;0.226314294
2013;I0997;ASY;4;131;1.166723377;0.69176695;-1.323248168;0.299693995;0.540890755;0.867029382;0.150876196
2013;I1006;ASY;35;131;1.166723377;-0.213490224;-0.598210052;0.299693995;-0.816995007;0.867029382;0.603504783
2013;I1044;ASY;1;127;2.173316149;1.144395538;-1.047774692;0.967847391;1.144395538;1.205468758;0
2013;I1084;ASY;35;130;1.166723377;-0.213490224;-0.598210052;0.711120486;-1.269623594;0.455602891;1.05613337
2013;I1087;ASY;24;165;1.580361839;0.69176695;2.278523782;0.538208446;1.031238391;1.042153393;-0.33947144
2013;I1091;ASY;15;128;1.605646305;1.144395538;-0.066634594;0.156250092;0.918081244;1.449396213;0.226314294
2013;I1120;ASY;28;130;2.199779638;-1.118747399;0.543215867;0.889801223;-1.571375986;1.309978416;0.452628587
2013;I1142;ASY;20;139;1.605646305;-1.118747399;0.990719367;0.806818801;-1.345061692;0.798827504;0.226314294
2013;I1160;ASY;38;140;1.166723377;0.69176695;0.033534651;0.607568708;0.69176695;0.55915467;0
2013;I1162;ASY;11;130;1.091157053;-1.571375986;0.375979066;0.13763472;-1.118747399;0.953522333;-0.452628587
2013;I1163;ASY;17;135;2.202072333;-1.118747399;-0.989585067;1.641389134;-1.345061692;0.560683199;0.226314294
2013;I1168;ASY;36;141;2.199779638;-0.666118811;-0.251600417;1.124096838;-0.666118811;1.0756828;0
2013;I1180;ASY;1;129;2.173316149;1.144395538;-1.047774692;0.844554503;1.144395538;1.328761646;0
2013;I1182;ASY;5;134;1.091157053;-1.118747399;0.805018189;-0.434269386;-0.666118811;1.525426439;-0.452628587
2013;I1187;ASY;27;133;1.580361839;-1.571375986;1.280261195;0.428537675;-0.967871203;1.151824164;-0.603504783
2013;I1202;ASY;33;141;1.56697036;-1.571375986;0.310478836;1.048625337;-1.345061692;0.518345023;-0.226314294
2013;I1211;ASY;1;132;2.173316149;1.144395538;-1.047774692;1.349088682;1.144395538;0.824227467;0
2013;I1214;ASY;3;133;1.166723377;-0.666118811;-1.229407266;0.607568708;-0.666118811;0.55915467;0
2013;I1221;ASY;35;131;1.166723377;-0.213490224;-0.598210052;0.607568708;-0.666118811;0.55915467;0.452628587
2013;I1222;ASY;19;131;2.199779638;-2.024004573;-0.151356026;1.381533596;-2.250318867;0.818246042;0.226314294
2013;I1223;ASY;1;131;2.173316149;1.144395538;-1.047774692;1.349088682;1.144395538;0.824227467;0
2013;I1227;ASY;16;130;1.166723377;-0.666118811;-0.253291196;0.607568708;-0.666118811;0.55915467;0
2013;I1233;ASY;40;137;0.107590598;-2.47663316;-1.35792255;-0.317808668;-2.47663316;0.425399266;0
2013;I1235;ASY;4;130;1.166723377;0.69176695;-1.323248168;0.607568708;0.465452657;0.55915467;0.226314294
2013;I1236;ASY;1;129;2.173316149;1.144395538;-1.047774692;1.349088682;1.144395538;0.824227467;0
2013;I1242;ASY;38;141;1.166723377;0.69176695;0.033534651;0.607568708;0.01282407;0.55915467;0.678942881
2013;I1244;ASY;21;142;0.67153816;-1.118747399;-0.675899992;0.158418967;-1.345061692;0.513119193;0.226314294
2013;I1279;ASY;22;139;1.091157053;1.144395538;-0.090364539;0.13763472;1.144395538;0.953522333;0
2013;I1282;ASY;12;131;1.091157053;-0.666118811;-0.16270303;0.13763472;-0.213490224;0.953522333;-0.452628587
2013;I1283;ASY;22;132;1.091157053;1.144395538;-0.090364539;0.368228414;0.918081244;0.72292864;0.226314294
2013;I1284;ASY;23;140;0.67153816;0.69176695;-0.310756202;0.158418967;0.69176695;0.513119193;0
2013;I1286;ASY;36;132;2.199779638;-0.666118811;-0.251600417;1.381533596;-0.892433105;0.818246042;0.226314294
2013;I1287;ASY;17;140;2.202072333;-1.118747399;-0.989585067;1.382679943;-1.118747399;0.81939239;0
2013;I1291;ASY;22;134;1.091157053;1.144395538;-0.090364539;0.13763472;1.144395538;0.953522333;0
2013;I1292;ASY;22;132;1.091157053;1.144395538;-0.090364539;0.13763472;1.144395538;0.953522333;0
2013;I1309;ASY;14;131;1.605646305;0.69176695;-0.013232825;0.806818801;0.69176695;0.798827504;0
2013;I1310;ASY;28;126;2.199779638;-1.118747399;0.543215867;1.381533596;-1.345061692;0.818246042;0.226314294
2013;I1311;ASY;31;145;1.56697036;-0.666118811;0.432821436;1.048625337;-0.892433105;0.518345023;0.226314294
2013;I1326;ASY;1;152;2.173316149;1.144395538;-1.047774692;1.349088682;1.144395538;0.824227467;0
2013;I1327;ASY;3;129;1.166723377;-0.666118811;-1.229407266;0.607568708;-0.666118811;0.55915467;0
2013;I1331;ASY;18;134;1.580361839;-0.666118811;1.96485481;0.99719687;-1.118747399;0.583164969;0.452628587
2013;I1332;ASY;18;132;1.580361839;-0.666118811;1.96485481;0.99719687;-1.118747399;0.583164969;0.452628587
2013;I1333;ASY;1;132;2.173316149;1.144395538;-1.047774692;1.349088682;1.144395538;0.824227467;0
